URL,标签,备注,开发是否在shopify配置标签,验收情况,,,,,,,,,,,,,,,,,,,,,,,,,,,,,,,,,,,
https://shokz.com/blogs/events/austin-marathon,news,,,,,,,,,,,,,,,,,,,,,,,,,,,,,,,,,,,,,,
https://shokz.com/blogs/events/boston-marathon,news,PR文章,,,,,,,,,,,,,,,,,,,,,,,,,,,,,,,,,,,,,
https://shokz.com/blogs/events/camex,news,PR文章,,,,,,,,,,,,,,,,,,,,,,,,,,,,,,,,,,,,,
https://shokz.com/blogs/events/cherry-blossom,404,前端没有显示内容   需要404； 已404,,,,,,,,,,,,,,,,,,,,,,,,,,,,,,,,,,,,,
https://shokz.com/blogs/events/disney-princess-half-marathon,news,PR文章,,,,,,,,,,,,,,,,,,,,,,,,,,,,,,,,,,,,,
https://shokz.com/blogs/events/flying-pig-marathon,news,PR文章,,,,,,,,,,,,,,,,,,,,,,,,,,,,,,,,,,,,,
https://shokz.com/blogs/events/imts,news,PR文章,,,,,,,,,,,,,,,,,,,,,,,,,,,,,,,,,,,,,
https://shokz.com/blogs/events/l-a-marathon,news,PR文章,,,,,,,,,,,,,,,,,,,,,,,,,,,,,,,,,,,,,
https://shokz.com/blogs/events/marine-corps-marathon,news,PR文章,,,,,,,,,,,,,,,,,,,,,,,,,,,,,,,,,,,,,
https://shokz.com/blogs/events/national-safety-council-congress-expo,404,只有一句话但是没接外链   需要404； 已404,,,,,,,,,,,,,,,,,,,,,,,,,,,,,,,,,,,,,
https://shokz.com/blogs/events/new-york-city-marathon,news,PR文章,,,,,,,,,,,,,,,,,,,,,,,,,,,,,,,,,,,,,
https://shokz.com/blogs/events/revel-mt-charleston,news,PR文章,,,,,,,,,,,,,,,,,,,,,,,,,,,,,,,,,,,,,
https://shokz.com/blogs/guides/2024-best-wireless-bluetooth-headphones,"open ear,buying",,,,,,,,,,,,,,,,,,,,,,,,,,,,,,,,,,,,,,
https://shokz.com/blogs/guides/5-scenic-spots-to-enjoy-spring,bone conduction,根据不同的场景推荐了不同骨传导耳机,,,,,,,,,,,,,,,,,,,,,,,,,,,,,,,,,,,,,
https://shokz.com/blogs/guides/advantages-of-bluetooth-running-headphones,"bone conduction,open ear,buying",,,,,,,,,,,,,,,,,,,,,,,,,,,,,,,,,,,,,,
https://shokz.com/blogs/guides/best-holiday-gifts-under-200-us,"open ear,buying",具体推荐了开耳耳机,,,,,,,,,,,,,,,,,,,,,,,,,,,,,,,,,,,,,
https://shokz.com/blogs/guides/can-deaf-people-hear-through-bone-condution-headphones,bone conduction,,,,,,,,,,,,,,,,,,,,,,,,,,,,,,,,,,,,,,
https://shokz.com/blogs/guides/can-noise-canceling-headphones-cause-tinnitus,"bone conduction,open ear",,,,,,,,,,,,,,,,,,,,,,,,,,,,,,,,,,,,,,
https://shokz.com/blogs/guides/comfort-technology-behind-openfit-2-plus,"open ear,ear hook",,,,,,,,,,,,,,,,,,,,,,,,,,,,,,,,,,,,,,
https://shokz.com/blogs/guides/difference-between-openfit-2-and-openfit-2-plus,"ear hook,buying",,,,,,,,,,,,,,,,,,,,,,,,,,,,,,,,,,,,,,
https://shokz.com/blogs/guides/earbuds-vs-headphones-which-one-is-better,"bone conduction,open ear,buying",,,,,,,,,,,,,,,,,,,,,,,,,,,,,,,,,,,,,,
https://shokz.com/blogs/guides/explore-the-magic-of-our-best-workout-earbuds-openfit-2,"open ear,ear hook",,,,,,,,,,,,,,,,,,,,,,,,,,,,,,,,,,,,,,
https://shokz.com/blogs/guides/find-serial-number-of-shokz-headphones,"bone conduction,open ear,support",,,,,,,,,,,,,,,,,,,,,,,,,,,,,,,,,,,,,,
https://shokz.com/blogs/guides/get-moving-in-spring,"bone conduction,ear hook",推荐了这两种类型的耳机,,,,,,,,,,,,,,,,,,,,,,,,,,,,,,,,,,,,,
https://shokz.com/blogs/guides/guide-for-using-openfit-2-plus,"ear hook,support",,,,,,,,,,,,,,,,,,,,,,,,,,,,,,,,,,,,,,
https://shokz.com/blogs/guides/guides-for-openswim-pro,"bone conduction,support",,,,,,,,,,,,,,,,,,,,,,,,,,,,,,,,,,,,,,
https://shokz.com/blogs/guides/how-long-do-earbuds-last,"bone conduction,open ear,support",,,,,,,,,,,,,,,,,,,,,,,,,,,,,,,,,,,,,,
https://shokz.com/blogs/guides/how-to-choose-a-pair-of-swimming-headphones,"bone conduction,buying",,,,,,,,,,,,,,,,,,,,,,,,,,,,,,,,,,,,,,
https://shokz.com/blogs/guides/how-to-choose-bone-conduction-headphones,"bone conduction,buying",,,,,,,,,,,,,,,,,,,,,,,,,,,,,,,,,,,,,,
https://shokz.com/blogs/guides/how-to-choose-daily-sports-headphones,"bone conduction,buying",,,,,,,,,,,,,,,,,,,,,,,,,,,,,,,,,,,,,,
https://shokz.com/blogs/guides/how-to-use-open-ear-headphones-for-your-best-listening-experience-a-complete-guide,"open ear,support",,,,,,,,,,,,,,,,,,,,,,,,,,,,,,,,,,,,,,
https://shokz.com/blogs/guides/how-to-use-openfit-pro,"ear hook,support",,,,,,,,,,,,,,,,,,,,,,,,,,,,,,,,,,,,,,
https://shokz.com/blogs/guides/open-ear-audio-technology-behind-openfit-2-series,"open ear,ear hook",,,,,,,,,,,,,,,,,,,,,,,,,,,,,,,,,,,,,,
https://shokz.com/blogs/guides/opendots-one-using-guides,"clip on,support",,,,,,,,,,,,,,,,,,,,,,,,,,,,,,,,,,,,,,
https://shokz.com/blogs/guides/openfit-2-comfort-tech,"open ear,ear hook",,,,,,,,,,,,,,,,,,,,,,,,,,,,,,,,,,,,,,
https://shokz.com/blogs/guides/openfit-2-series-the-best-workout-earbuds,"open ear,ear hook",,,,,,,,,,,,,,,,,,,,,,,,,,,,,,,,,,,,,,
https://shokz.com/blogs/guides/openfit-air-more-functions-of-can-be-achieved-through-shokz-app,"ear hook,support",,,,,,,,,,,,,,,,,,,,,,,,,,,,,,,,,,,,,,
https://shokz.com/blogs/guides/openfit2-using-guides,"ear hook,support",,,,,,,,,,,,,,,,,,,,,,,,,,,,,,,,,,,,,,
https://shokz.com/blogs/guides/openfit2-vs-openfit-and-openfit-air,"ear hook,buying,support",提到了关于三款耳机的常见问题,,,,,,,,,,,,,,,,,,,,,,,,,,,,,,,,,,,,,
https://shokz.com/blogs/guides/openmeet-wearing-guide,"bone conduction,open ear,support",,,,,,,,,,,,,,,,,,,,,,,,,,,,,,,,,,,,,,
https://shokz.com/blogs/guides/openrun-pro-2-new-eq-modes,"bone conduction,support",,,,,,,,,,,,,,,,,,,,,,,,,,,,,,,,,,,,,,
https://shokz.com/blogs/guides/openrun-pro-2-using-guides,"bone conduction,support",,,,,,,,,,,,,,,,,,,,,,,,,,,,,,,,,,,,,,
https://shokz.com/blogs/guides/shokz-connect,"bone conduction,open ear,support",,,,,,,,,,,,,,,,,,,,,,,,,,,,,,,,,,,,,,
https://shokz.com/blogs/guides/shokz-earbuds-battery-life,"open ear,support",但是里面有提到openfit的内容，要不要加earhook标签啊,,,,,,,,,,,,,,,,,,,,,,,,,,,,,,,,,,,,,
https://shokz.com/blogs/guides/shokz-openfit-vs-openfit-air,"ear hook,buying",,,,,,,,,,,,,,,,,,,,,,,,,,,,,,,,,,,,,,
https://shokz.com/blogs/guides/sound-quality-unpacked,"open ear,clip on",,,,,,,,,,,,,,,,,,,,,,,,,,,,,,,,,,,,,,
https://shokz.com/blogs/guides/the-technical-difficulties-of-bone-conduction-headphones,"bone conduction,open ear",,,,,,,,,,,,,,,,,,,,,,,,,,,,,,,,,,,,,,
https://shokz.com/blogs/guides/the-ultimate-solution-for-students-best-open-ear-headphones-for-studying-that-protect-your-hearing-and-improve-focus,"open ear,buying",,,,,,,,,,,,,,,,,,,,,,,,,,,,,,,,,,,,,,
https://shokz.com/blogs/guides/tips-for-storing-and-maintaining-wireless-earbuds,"bone conduction,open ear,support",,,,,,,,,,,,,,,,,,,,,,,,,,,,,,,,,,,,,,
https://shokz.com/blogs/guides/what-is-multipoint-bluetooth-headphones,"bone conduction,open ear,support",有一个章节是如何链接shokz耳机,,,,,,,,,,,,,,,,,,,,,,,,,,,,,,,,,,,,,
https://shokz.com/blogs/guides/what-makes-open-ear-headphones-unique,"bone conduction,open ear",,,,,,,,,,,,,,,,,,,,,,,,,,,,,,,,,,,,,,
https://shokz.com/blogs/guides/wired-vs-wireless-headphones,buying,,,,,,,,,,,,,,,,,,,,,,,,,,,,,,,,,,,,,,
https://shokz.com/blogs/news/10-best-tech-gifts-for-men,"open ear,buying",,,,,,,,,,,,,,,,,,,,,,,,,,,,,,,,,,,,,,
https://shokz.com/blogs/news/10-black-athletes-to-follow-on-instagram-right-now,news,,,,,,,,,,,,,,,,,,,,,,,,,,,,,,,,,,,,,,
https://shokz.com/blogs/news/10-body-positive-influencers-to-follow-on-instagram,news,,,,,,,,,,,,,,,,,,,,,,,,,,,,,,,,,,,,,,
https://shokz.com/blogs/news/10-indigenous-influencers-to-follow-on-instagram,news,,,,,,,,,,,,,,,,,,,,,,,,,,,,,,,,,,,,,,
https://shokz.com/blogs/news/10-spring-virtual-races-to-liven-up-your-daily-runs,news,,,,,,,,,,,,,,,,,,,,,,,,,,,,,,,,,,,,,,
https://shokz.com/blogs/news/10-things-that-will-get-you-into-the-halloween-spirit,news,万圣节,,,,,,,,,,,,,,,,,,,,,,,,,,,,,,,,,,,,,
https://shokz.com/blogs/news/100887361-how-much-impact-can-one-person-really-have-on-the-world,news,,,,,,,,,,,,,,,,,,,,,,,,,,,,,,,,,,,,,,
https://shokz.com/blogs/news/12-marathons-six-consecutive-weekends-meet-randy-woodward,news,,,,,,,,,,,,,,,,,,,,,,,,,,,,,,,,,,,,,,
https://shokz.com/blogs/news/121676353-ask-and-you-shall-receive-introducing-trekz-titanium-mini,"bone conduction,support",,,,,,,,,,,,,,,,,,,,,,,,,,,,,,,,,,,,,,
https://shokz.com/blogs/news/123141953-6-reasons-why-giving-dad-some-headphones-will-make-you-the-favorite-child,buying,,,,,,,,,,,,,,,,,,,,,,,,,,,,,,,,,,,,,,
https://shokz.com/blogs/news/2025-shokz-chicago-marathon-activitions,news,,,,,,,,,,,,,,,,,,,,,,,,,,,,,,,,,,,,,,
https://shokz.com/blogs/news/29066561-aftershokz-picked-for-entrepreneur-magazine-s-list-of-100-brilliant-companies,news,,,,,,,,,,,,,,,,,,,,,,,,,,,,,,,,,,,,,,
https://shokz.com/blogs/news/29067777-aftershokz-makes-special-headphones-for-a-special-team,news,,,,,,,,,,,,,,,,,,,,,,,,,,,,,,,,,,,,,,
https://shokz.com/blogs/news/3-benefits-of-bone-conduction-headphones,bone conduction,,,,,,,,,,,,,,,,,,,,,,,,,,,,,,,,,,,,,,
https://shokz.com/blogs/news/3-things-to-listen-to-watch-while-working-out,news,,,,,,,,,,,,,,,,,,,,,,,,,,,,,,,,,,,,,,
https://shokz.com/blogs/news/3-things-you-didnt-know-your-trekz-titanium-could-do,"bone conduction,support",,,,,,,,,,,,,,,,,,,,,,,,,,,,,,,,,,,,,,
https://shokz.com/blogs/news/3-ways-running-can-boost-your-creativity,support,,,,,,,,,,,,,,,,,,,,,,,,,,,,,,,,,,,,,,
https://shokz.com/blogs/news/3-ways-to-safely-increase-your-mileage,support,,,,,,,,,,,,,,,,,,,,,,,,,,,,,,,,,,,,,,
https://shokz.com/blogs/news/3-ways-to-support-and-celebrate-trans-people,news,,,,,,,,,,,,,,,,,,,,,,,,,,,,,,,,,,,,,,
https://shokz.com/blogs/news/30015937-aftershokz-headphones-partner-with-greater-manchester-marathon,news,,,,,,,,,,,,,,,,,,,,,,,,,,,,,,,,,,,,,,
https://shokz.com/blogs/news/30022977-the-cycler-s-commute-pedal-safely,news,,,,,,,,,,,,,,,,,,,,,,,,,,,,,,,,,,,,,,
https://shokz.com/blogs/news/30023937-bluez-2-bluetooth-headphones-in-mashable,news,,,,,,,,,,,,,,,,,,,,,,,,,,,,,,,,,,,,,,
https://shokz.com/blogs/news/30024961-men-s-health-reviews-our-bluez-2-wireless-bone-conduction-headphones,news,,,,,,,,,,,,,,,,,,,,,,,,,,,,,,,,,,,,,,
https://shokz.com/blogs/news/30025537-it-s-not-a-sprint-spring-marathon-tips-from-aftershokz,"bone conduction,open ear,support",tips,,,,,,,,,,,,,,,,,,,,,,,,,,,,,,,,,,,,,
https://shokz.com/blogs/news/30026369-aftershokz-open-ear-headphones-on-the-view,news,,,,,,,,,,,,,,,,,,,,,,,,,,,,,,,,,,,,,,
https://shokz.com/blogs/news/30271297-o-the-oprah-magazine-says-wow-to-aftershokz-open-ear-sports-headphones,news,,,,,,,,,,,,,,,,,,,,,,,,,,,,,,,,,,,,,,
https://shokz.com/blogs/news/36920897-flashbackfriday-sportz-m2s-named-editor-s-choice-in-red-bulletin-magazine,news,,,,,,,,,,,,,,,,,,,,,,,,,,,,,,,,,,,,,,
https://shokz.com/blogs/news/4-benefits-of-walking-with-your-aftershokz,"bone conduction,open ear",不太确定,,,,,,,,,,,,,,,,,,,,,,,,,,,,,,,,,,,,,
https://shokz.com/blogs/news/4-outdoor-activities-to-help-reduce-anxiety,support,,,,,,,,,,,,,,,,,,,,,,,,,,,,,,,,,,,,,,
https://shokz.com/blogs/news/4-outdoor-safety-tips-every-adventurer-should-known,support,,,,,,,,,,,,,,,,,,,,,,,,,,,,,,,,,,,,,,
https://shokz.com/blogs/news/4-outdoor-winter-activities-for-adventure-enthusiasts-to-try,news,,,,,,,,,,,,,,,,,,,,,,,,,,,,,,,,,,,,,,
https://shokz.com/blogs/news/4-things-we-re-listening-to-this-pride-month,news,,,,,,,,,,,,,,,,,,,,,,,,,,,,,,,,,,,,,,
https://shokz.com/blogs/news/4-tricks-for-choosing-the-healthiest-halloween-candy,support,,,,,,,,,,,,,,,,,,,,,,,,,,,,,,,,,,,,,,
https://shokz.com/blogs/news/4-virtual-races-celebrating-pride-month,news,,,,,,,,,,,,,,,,,,,,,,,,,,,,,,,,,,,,,,
https://shokz.com/blogs/news/4-ways-to-celebrate-latinx-heritage-month,news,,,,,,,,,,,,,,,,,,,,,,,,,,,,,,,,,,,,,,
https://shokz.com/blogs/news/4-ways-to-get-back-to-running-after-an-injury,support,,,,,,,,,,,,,,,,,,,,,,,,,,,,,,,,,,,,,,
https://shokz.com/blogs/news/4-ways-to-save-this-holiday-season,"buying,news",,,,,,,,,,,,,,,,,,,,,,,,,,,,,,,,,,,,,,
https://shokz.com/blogs/news/42352001-when-you-love-your-job-magic-happens,news,,,,,,,,,,,,,,,,,,,,,,,,,,,,,,,,,,,,,,
https://shokz.com/blogs/news/5-best-apps-of-2019,support,,,,,,,,,,,,,,,,,,,,,,,,,,,,,,,,,,,,,,
https://shokz.com/blogs/news/5-best-websites-for-working-out-from-home,support,,,,,,,,,,,,,,,,,,,,,,,,,,,,,,,,,,,,,,
https://shokz.com/blogs/news/5-books-every-runner-should-read,news,,,,,,,,,,,,,,,,,,,,,,,,,,,,,,,,,,,,,,
https://shokz.com/blogs/news/5-cheat-codes-for-jump-starting-your-morning-workout,support,,,,,,,,,,,,,,,,,,,,,,,,,,,,,,,,,,,,,,
https://shokz.com/blogs/news/5-cross-training-activities-that-help-improve-flexibility,support,,,,,,,,,,,,,,,,,,,,,,,,,,,,,,,,,,,,,,
https://shokz.com/blogs/news/5-essentials-for-your-2022-new-years-starter-kit,buying,,,,,,,,,,,,,,,,,,,,,,,,,,,,,,,,,,,,,,
https://shokz.com/blogs/news/5-essentials-you-need-in-your-at-home-gym,buying,,,,,,,,,,,,,,,,,,,,,,,,,,,,,,,,,,,,,,
https://shokz.com/blogs/news/5-healthy-alternatives-to-coffee,support,,,,,,,,,,,,,,,,,,,,,,,,,,,,,,,,,,,,,,
https://shokz.com/blogs/news/5-instagram-accounts-you-should-follow,news,,,,,,,,,,,,,,,,,,,,,,,,,,,,,,,,,,,,,,
https://shokz.com/blogs/news/5-lgbtq-athletes-to-follow-on-instagram,news,,,,,,,,,,,,,,,,,,,,,,,,,,,,,,,,,,,,,,
https://shokz.com/blogs/news/5-runner-rituals-and-superstitions-its-only-silly-if-they-dont-work,news,,,,,,,,,,,,,,,,,,,,,,,,,,,,,,,,,,,,,,
https://shokz.com/blogs/news/5-safety-tips-for-runners,open ear,开放式耳机保持环境感知,,,,,,,,,,,,,,,,,,,,,,,,,,,,,,,,,,,,,
https://shokz.com/blogs/news/5-spring-races-to-sign-up-for-this-season,news,,,,,,,,,,,,,,,,,,,,,,,,,,,,,,,,,,,,,,
https://shokz.com/blogs/news/5-ways-to-celebrate-pride-month,news,,,,,,,,,,,,,,,,,,,,,,,,,,,,,,,,,,,,,,
https://shokz.com/blogs/news/5-ways-to-give-good-vibez-year-round,news,,,,,,,,,,,,,,,,,,,,,,,,,,,,,,,,,,,,,,
https://shokz.com/blogs/news/5-ways-to-improve-work-life-balance,support,,,,,,,,,,,,,,,,,,,,,,,,,,,,,,,,,,,,,,
https://shokz.com/blogs/news/5-ways-to-prioritize-mental-health-during-the-holidays,news,,,,,,,,,,,,,,,,,,,,,,,,,,,,,,,,,,,,,,
https://shokz.com/blogs/news/5-ways-to-safely-share-the-road-with-cyclists,news,,,,,,,,,,,,,,,,,,,,,,,,,,,,,,,,,,,,,,
https://shokz.com/blogs/news/5-ways-to-serve-this-mlk-day-and-beyond,news,,,,,,,,,,,,,,,,,,,,,,,,,,,,,,,,,,,,,,
https://shokz.com/blogs/news/56552193-breaking-news-we-scored-another-ces-innovation-award,news,,,,,,,,,,,,,,,,,,,,,,,,,,,,,,,,,,,,,,
https://shokz.com/blogs/news/6-fitness-youtubers-to-start-watching-now,news,,,,,,,,,,,,,,,,,,,,,,,,,,,,,,,,,,,,,,
https://shokz.com/blogs/news/6-health-and-wellness-gifts-to-get-mom-this-mother-s-day,buying,,,,,,,,,,,,,,,,,,,,,,,,,,,,,,,,,,,,,,
https://shokz.com/blogs/news/6-must-haves-for-running-outdoors-this-fall,buying,,,,,,,,,,,,,,,,,,,,,,,,,,,,,,,,,,,,,,
https://shokz.com/blogs/news/6-outdoor-workouts-to-try-this-fall,news,,,,,,,,,,,,,,,,,,,,,,,,,,,,,,,,,,,,,,
https://shokz.com/blogs/news/6-top-songs-with-iconic-guitar-solos,"open ear,news",,,,,,,,,,,,,,,,,,,,,,,,,,,,,,,,,,,,,,
https://shokz.com/blogs/news/7-amazing-mountain-biking-trails-you-need-to-know-about,news,,,,,,,,,,,,,,,,,,,,,,,,,,,,,,,,,,,,,,
https://shokz.com/blogs/news/7-essentials-for-your-new-year-s-starter-kit,buying,,,,,,,,,,,,,,,,,,,,,,,,,,,,,,,,,,,,,,
https://shokz.com/blogs/news/7-nonprofit-organizations-to-support-this-holiday-season,news,,,,,,,,,,,,,,,,,,,,,,,,,,,,,,,,,,,,,,
https://shokz.com/blogs/news/7-virtual-races-to-join-this-fall,news,,,,,,,,,,,,,,,,,,,,,,,,,,,,,,,,,,,,,,
https://shokz.com/blogs/news/7-ways-to-convince-your-friends-to-go-running-with-you,support,,,,,,,,,,,,,,,,,,,,,,,,,,,,,,,,,,,,,,
https://shokz.com/blogs/news/7-weird-spotify-playlists-you-need-to-listen-to-right-now,support,,,,,,,,,,,,,,,,,,,,,,,,,,,,,,,,,,,,,,
https://shokz.com/blogs/news/74-woman-owned-running-stores-to-support-year-round,buying,,,,,,,,,,,,,,,,,,,,,,,,,,,,,,,,,,,,,,
https://shokz.com/blogs/news/8-most-fun-themed-races,news,,,,,,,,,,,,,,,,,,,,,,,,,,,,,,,,,,,,,,
https://shokz.com/blogs/news/8-self-care-rituals-to-try-with-your-aftershokz,support,,,,,,,,,,,,,,,,,,,,,,,,,,,,,,,,,,,,,,
https://shokz.com/blogs/news/8-ways-to-support-breast-cancer-awareness,news,,,,,,,,,,,,,,,,,,,,,,,,,,,,,,,,,,,,,,
https://shokz.com/blogs/news/95310977-aftershokz-honored-with-prestigious-international-red-dot-product-design-award,news,,,,,,,,,,,,,,,,,,,,,,,,,,,,,,,,,,,,,,
https://shokz.com/blogs/news/96051009-you-never-think-it-ll-happen-to-you-until-it-does,open ear,,,,,,,,,,,,,,,,,,,,,,,,,,,,,,,,,,,,,,
https://shokz.com/blogs/news/a-recap-of-2024-chicago-marathon,news,,,,,,,,,,,,,,,,,,,,,,,,,,,,,,,,,,,,,,
https://shokz.com/blogs/news/a-year-in-the-life-of-shokzstar-meg,news,,,,,,,,,,,,,,,,,,,,,,,,,,,,,,,,,,,,,,
https://shokz.com/blogs/news/adapting-to-weightless-ear-clip-earbuds,clip on,,,,,,,,,,,,,,,,,,,,,,,,,,,,,,,,,,,,,,
https://shokz.com/blogs/news/adaptive-vs-active-noise-canceling,buying,协助做出决策，促成交易,,,,,,,,,,,,,,,,,,,,,,,,,,,,,,,,,,,,,
https://shokz.com/blogs/news/advice-how-to-try-new-workouts,news,,,,,,,,,,,,,,,,,,,,,,,,,,,,,,,,,,,,,,
https://shokz.com/blogs/news/advocate-jordan-daniel-on-world-s-indigenous-peoples-day,news,,,,,,,,,,,,,,,,,,,,,,,,,,,,,,,,,,,,,,
https://shokz.com/blogs/news/aftershokz-2020-a-year-in-review,news,,,,,,,,,,,,,,,,,,,,,,,,,,,,,,,,,,,,,,
https://shokz.com/blogs/news/aftershokz-aren-t-just-for-athletes,news,,,,,,,,,,,,,,,,,,,,,,,,,,,,,,,,,,,,,,
https://shokz.com/blogs/news/aftershokz-audio-recommendations-to-tune-into-this-summer,news,,,,,,,,,,,,,,,,,,,,,,,,,,,,,,,,,,,,,,
https://shokz.com/blogs/news/aftershokz-does-revel,news,,,,,,,,,,,,,,,,,,,,,,,,,,,,,,,,,,,,,,
https://shokz.com/blogs/news/aftershokz-give-good-vibes-campaign-holiday-success,news,,,,,,,,,,,,,,,,,,,,,,,,,,,,,,,,,,,,,,
https://shokz.com/blogs/news/aftershokz-headphones-do-s-don-ts,"bone conduction,open ear,support",,,,,,,,,,,,,,,,,,,,,,,,,,,,,,,,,,,,,,
https://shokz.com/blogs/news/aftershokz-injury-series-how-to-prevent-future-injuries,news,,,,,,,,,,,,,,,,,,,,,,,,,,,,,,,,,,,,,,
https://shokz.com/blogs/news/aftershokz-launches-making-stridez-grant-for-youth-runners,news,,,,,,,,,,,,,,,,,,,,,,,,,,,,,,,,,,,,,,
https://shokz.com/blogs/news/aftershokz-launches-soundopen-series-for-professionals-on-linkedin,news,,,,,,,,,,,,,,,,,,,,,,,,,,,,,,,,,,,,,,
https://shokz.com/blogs/news/aftershokz-launches-virtual-interview-series,news,,,,,,,,,,,,,,,,,,,,,,,,,,,,,,,,,,,,,,
https://shokz.com/blogs/news/aftershokz-makes-appearance-krock-radio,news,,,,,,,,,,,,,,,,,,,,,,,,,,,,,,,,,,,,,,
https://shokz.com/blogs/news/aftershokz-making-it-podcast-chaz-davis,news,,,,,,,,,,,,,,,,,,,,,,,,,,,,,,,,,,,,,,
https://shokz.com/blogs/news/aftershokz-openmove-new-wireless-headphones,"bone conduction,open ear,news",,,,,,,,,,,,,,,,,,,,,,,,,,,,,,,,,,,,,,
https://shokz.com/blogs/news/aftershokz-partners-with-aware-with-pink-breast-cancer-awarness,news,,,,,,,,,,,,,,,,,,,,,,,,,,,,,,,,,,,,,,
https://shokz.com/blogs/news/aftershokz-reflects-on-an-incredible-2018,news,,,,,,,,,,,,,,,,,,,,,,,,,,,,,,,,,,,,,,
https://shokz.com/blogs/news/aftershokz-releases-pink-titanium-breast-cancer,"bone conduction,open ear,news",,,,,,,,,,,,,,,,,,,,,,,,,,,,,,,,,,,,,,
https://shokz.com/blogs/news/aftershokz-shokzstars-wanted,news,,,,,,,,,,,,,,,,,,,,,,,,,,,,,,,,,,,,,,
https://shokz.com/blogs/news/aftershokz-team-spotlight-donnie-coryea,news,,,,,,,,,,,,,,,,,,,,,,,,,,,,,,,,,,,,,,
https://shokz.com/blogs/news/aftershokz-team-spotlight-kristen-szustakowski,news,,,,,,,,,,,,,,,,,,,,,,,,,,,,,,,,,,,,,,
https://shokz.com/blogs/news/aftershokz-turns-10,news,,,,,,,,,,,,,,,,,,,,,,,,,,,,,,,,,,,,,,
https://shokz.com/blogs/news/aftershokzs-team-fox-runs-for-a-cure-at-the-nyc-marathon,news,,,,,,,,,,,,,,,,,,,,,,,,,,,,,,,,,,,,,,
https://shokz.com/blogs/news/air-conduction-vs-bone-conduction,"bone conduction,open ear",,,,,,,,,,,,,,,,,,,,,,,,,,,,,,,,,,,,,,
https://shokz.com/blogs/news/air-troubleshooting,"open ear,support",,,,,,,,,,,,,,,,,,,,,,,,,,,,,,,,,,,,,,
https://shokz.com/blogs/news/air-vs-aeropex-find-the-best-aftershokz-headphone-for-you,"open ear,buying",,,,,,,,,,,,,,,,,,,,,,,,,,,,,,,,,,,,,,
https://shokz.com/blogs/news/air-vs-titanium-find-the-best-aftershokz-headphone-for-you,"open ear,buying",,,,,,,,,,,,,,,,,,,,,,,,,,,,,,,,,,,,,,
https://shokz.com/blogs/news/all-about-nfc-pairing-your-aftershokz,"bone conduction,open ear,support",,,,,,,,,,,,,,,,,,,,,,,,,,,,,,,,,,,,,,
https://shokz.com/blogs/news/an-interview-with-black-girls-run-owner-and-ceo-jay-ell-alexander,news,,,,,,,,,,,,,,,,,,,,,,,,,,,,,,,,,,,,,,
https://shokz.com/blogs/news/an-interview-with-meb-keflezighi,news,,,,,,,,,,,,,,,,,,,,,,,,,,,,,,,,,,,,,,
https://shokz.com/blogs/news/an-interview-with-olympian-haley-smith,news,,,,,,,,,,,,,,,,,,,,,,,,,,,,,,,,,,,,,,
https://shokz.com/blogs/news/an-interview-with-our-cmo,news,,,,,,,,,,,,,,,,,,,,,,,,,,,,,,,,,,,,,,
https://shokz.com/blogs/news/are-bluetooth-headphones-safe,"bone conduction,open ear,ear hook",按涉及耳机形态,,,,,,,,,,,,,,,,,,,,,,,,,,,,,,,,,,,,,
https://shokz.com/blogs/news/are-comfortable-from-first-wear-earbuds-comfortable,open ear,,,,,,,,,,,,,,,,,,,,,,,,,,,,,,,,,,,,,,
https://shokz.com/blogs/news/are-low-pressure-listening-earbuds-right,open ear,,,,,,,,,,,,,,,,,,,,,,,,,,,,,,,,,,,,,,
https://shokz.com/blogs/news/are-you-hitting-the-trails-it-s-national-take-a-hike-day,news,,,,,,,,,,,,,,,,,,,,,,,,,,,,,,,,,,,,,,
https://shokz.com/blogs/news/athletes-share-their-best-advice-for-how-to-run-with-weights-blog,news,,,,,,,,,,,,,,,,,,,,,,,,,,,,,,,,,,,,,,
https://shokz.com/blogs/news/average-swimming-speed,"bone conduction,open ear",运动主题,,,,,,,,,,,,,,,,,,,,,,,,,,,,,,,,,,,,,
https://shokz.com/blogs/news/basketball-headphones,"bone conduction,open ear",,,,,,,,,,,,,,,,,,,,,,,,,,,,,,,,,,,,,,
https://shokz.com/blogs/news/bass-limitations-of-clip-on-earbuds,"open ear,clip on",,,,,,,,,,,,,,,,,,,,,,,,,,,,,,,,,,,,,,
https://shokz.com/blogs/news/be-open-hear-new-york-a-recap-of-the-2024-nyc-marathon,news,,,,,,,,,,,,,,,,,,,,,,,,,,,,,,,,,,,,,,
https://shokz.com/blogs/news/before-and-after-with-ana-alarcon,news,,,,,,,,,,,,,,,,,,,,,,,,,,,,,,,,,,,,,,
https://shokz.com/blogs/news/behind-the-minds-of-trekz-air,"open ear,news",,,,,,,,,,,,,,,,,,,,,,,,,,,,,,,,,,,,,,
https://shokz.com/blogs/news/best-back-to-school-and-work-essentials-for-productivity,buying,,,,,,,,,,,,,,,,,,,,,,,,,,,,,,,,,,,,,,
https://shokz.com/blogs/news/best-bass-headphones,"clip on,ear hook,buying",,,,,,,,,,,,,,,,,,,,,,,,,,,,,,,,,,,,,,
https://shokz.com/blogs/news/best-black-friday-headphone-deals,buying,,,,,,,,,,,,,,,,,,,,,,,,,,,,,,,,,,,,,,
https://shokz.com/blogs/news/best-breathable-face-masks-for-working-out,news,,,,,,,,,,,,,,,,,,,,,,,,,,,,,,,,,,,,,,
https://shokz.com/blogs/news/best-budget-wireless-earbuds,buying,,,,,,,,,,,,,,,,,,,,,,,,,,,,,,,,,,,,,,
https://shokz.com/blogs/news/best-christmas-gifts,buying,,,,,,,,,,,,,,,,,,,,,,,,,,,,,,,,,,,,,,
https://shokz.com/blogs/news/best-earbuds-for-calls-in-noisy-environment,buying,,,,,,,,,,,,,,,,,,,,,,,,,,,,,,,,,,,,,,
https://shokz.com/blogs/news/best-earbuds-for-cycling,"bone conduction,buying",,,,,,,,,,,,,,,,,,,,,,,,,,,,,,,,,,,,,,
https://shokz.com/blogs/news/best-earbuds-for-music,"open ear,buying",,,,,,,,,,,,,,,,,,,,,,,,,,,,,,,,,,,,,,
https://shokz.com/blogs/news/best-earbuds-for-working-out,"open ear,buying",,,,,,,,,,,,,,,,,,,,,,,,,,,,,,,,,,,,,,
https://shokz.com/blogs/news/best-elderly-friendly-open-ear-headphones,"open ear,buying",,,,,,,,,,,,,,,,,,,,,,,,,,,,,,,,,,,,,,
https://shokz.com/blogs/news/best-free-fitness-apps-for-home-workouts,support,,,,,,,,,,,,,,,,,,,,,,,,,,,,,,,,,,,,,,
https://shokz.com/blogs/news/best-gaming-earbuds,buying,,,,,,,,,,,,,,,,,,,,,,,,,,,,,,,,,,,,,,
https://shokz.com/blogs/news/best-gifts-for-runners,buying,,,,,,,,,,,,,,,,,,,,,,,,,,,,,,,,,,,,,,
https://shokz.com/blogs/news/best-headphones-for-hearing-aids,"bone conduction,buying",,,,,,,,,,,,,,,,,,,,,,,,,,,,,,,,,,,,,,
https://shokz.com/blogs/news/best-headphones-for-pregnancy-comfort,"open ear,buying",,,,,,,,,,,,,,,,,,,,,,,,,,,,,,,,,,,,,,
https://shokz.com/blogs/news/best-headphones-for-swimming,buying,,,,,,,,,,,,,,,,,,,,,,,,,,,,,,,,,,,,,,
https://shokz.com/blogs/news/best-headphones-for-work-and-home-use,"open ear,buying",,,,,,,,,,,,,,,,,,,,,,,,,,,,,,,,,,,,,,
https://shokz.com/blogs/news/best-headset-for-working-from-home,buying,,,,,,,,,,,,,,,,,,,,,,,,,,,,,,,,,,,,,,
https://shokz.com/blogs/news/best-inspirational-ted-talks-to-listen-to-now,news,,,,,,,,,,,,,,,,,,,,,,,,,,,,,,,,,,,,,,
https://shokz.com/blogs/news/best-open-ear-headphones-for-effortless-multitasking,"open ear,buying",,,,,,,,,,,,,,,,,,,,,,,,,,,,,,,,,,,,,,
https://shokz.com/blogs/news/best-open-ear-headphones-for-glasses-wearers,"open ear,clip on,buying",,,,,,,,,,,,,,,,,,,,,,,,,,,,,,,,,,,,,,
https://shokz.com/blogs/news/best-open-ear-headphones-for-podcast-listening,"open ear,buying",,,,,,,,,,,,,,,,,,,,,,,,,,,,,,,,,,,,,,
https://shokz.com/blogs/news/best-open-earbuds,"open ear,buying",,,,,,,,,,,,,,,,,,,,,,,,,,,,,,,,,,,,,,
https://shokz.com/blogs/news/best-open-earbuds-for-commuting,"open ear,buying",,,,,,,,,,,,,,,,,,,,,,,,,,,,,,,,,,,,,,
https://shokz.com/blogs/news/best-open-earbuds-for-phone-calls,"open ear,buying",,,,,,,,,,,,,,,,,,,,,,,,,,,,,,,,,,,,,,
https://shokz.com/blogs/news/best-open-headphones-for-studying,"open ear,buying",,,,,,,,,,,,,,,,,,,,,,,,,,,,,,,,,,,,,,
https://shokz.com/blogs/news/best-outdoor-spaces-for-using-aeropex,support,需要再确认一下,,,,,,,,,,,,,,,,,,,,,,,,,,,,,,,,,,,,,
https://shokz.com/blogs/news/best-running-earbuds-2025,"bone conduction,open ear,buying",,,,,,,,,,,,,,,,,,,,,,,,,,,,,,,,,,,,,,
https://shokz.com/blogs/news/best-snacks-for-working-out,support,,,,,,,,,,,,,,,,,,,,,,,,,,,,,,,,,,,,,,
https://shokz.com/blogs/news/best-sound-quality-earbuds,buying,,,,,,,,,,,,,,,,,,,,,,,,,,,,,,,,,,,,,,
https://shokz.com/blogs/news/best-travel-headphones,"open ear,buying",,,,,,,,,,,,,,,,,,,,,,,,,,,,,,,,,,,,,,
https://shokz.com/blogs/news/best-wireless-earbuds-for-android,buying,,,,,,,,,,,,,,,,,,,,,,,,,,,,,,,,,,,,,,
https://shokz.com/blogs/news/best-wireless-earbuds-for-running,buying,,,,,,,,,,,,,,,,,,,,,,,,,,,,,,,,,,,,,,
https://shokz.com/blogs/news/best-wireless-earbuds-for-small-ears,buying,,,,,,,,,,,,,,,,,,,,,,,,,,,,,,,,,,,,,,
https://shokz.com/blogs/news/best-wireless-headphones-with-microphone,buying,,,,,,,,,,,,,,,,,,,,,,,,,,,,,,,,,,,,,,
https://shokz.com/blogs/news/blind-shokzsquad-member-summits-mt-everest,news,,,,,,,,,,,,,,,,,,,,,,,,,,,,,,,,,,,,,,
https://shokz.com/blogs/news/bluetooth-bone-conduction-headphones-for-outdoors,bone conduction,,,,,,,,,,,,,,,,,,,,,,,,,,,,,,,,,,,,,,
https://shokz.com/blogs/news/bluez-2s-troubleshooting,"open ear,support",,,,,,,,,,,,,,,,,,,,,,,,,,,,,,,,,,,,,,
https://shokz.com/blogs/news/bone-conduction-headphones-battery-drain,bone conduction,,,,,,,,,,,,,,,,,,,,,,,,,,,,,,,,,,,,,,
https://shokz.com/blogs/news/bone-conduction-headphones-break-in-soreness-vs-bad-fit,bone conduction,,,,,,,,,,,,,,,,,,,,,,,,,,,,,,,,,,,,,,
https://shokz.com/blogs/news/bone-conduction-headphones-for-heavy-industry,bone conduction,,,,,,,,,,,,,,,,,,,,,,,,,,,,,,,,,,,,,,
https://shokz.com/blogs/news/bone-conduction-headphones-hearing-safety,bone conduction,,,,,,,,,,,,,,,,,,,,,,,,,,,,,,,,,,,,,,
https://shokz.com/blogs/news/bone-conduction-headphones-work-with-earplugs,bone conduction,,,,,,,,,,,,,,,,,,,,,,,,,,,,,,,,,,,,,,
https://shokz.com/blogs/news/boston-marathon-2025-recap,news,波马主题的这类赛事的算作促销/news？,,,,,,,,,,,,,,,,,,,,,,,,,,,,,,,,,,,,,
https://shokz.com/blogs/news/boston-marathon-spectator-guide,news,,,,,,,,,,,,,,,,,,,,,,,,,,,,,,,,,,,,,,
https://shokz.com/blogs/news/can-clamping-force-cause-headaches,bone conduction,,,,,,,,,,,,,,,,,,,,,,,,,,,,,,,,,,,,,,
https://shokz.com/blogs/news/can-i-wear-my-aftershokz-in-the-rain,"open ear,support",,,,,,,,,,,,,,,,,,,,,,,,,,,,,,,,,,,,,,
https://shokz.com/blogs/news/celebrating-aftershokz-customer-happiness-team,news,,,,,,,,,,,,,,,,,,,,,,,,,,,,,,,,,,,,,,
https://shokz.com/blogs/news/celebrating-womens-strength-with-running-locas,news,,,,,,,,,,,,,,,,,,,,,,,,,,,,,,,,,,,,,,
https://shokz.com/blogs/news/ces-2026-innovation-awards,news,,,,,,,,,,,,,,,,,,,,,,,,,,,,,,,,,,,,,,
https://shokz.com/blogs/news/clean-earbuds-best-sound-quality,"bone conduction,open ear,support",保养耳机,,,,,,,,,,,,,,,,,,,,,,,,,,,,,,,,,,,,,
https://shokz.com/blogs/news/clip-on-earbuds,clip on,,,,,,,,,,,,,,,,,,,,,,,,,,,,,,,,,,,,,,
https://shokz.com/blogs/news/clip-on-earbuds-fall-off,clip on,,,,,,,,,,,,,,,,,,,,,,,,,,,,,,,,,,,,,,
https://shokz.com/blogs/news/clip-on-earbuds-for-cycling,clip on,,,,,,,,,,,,,,,,,,,,,,,,,,,,,,,,,,,,,,
https://shokz.com/blogs/news/clip-on-earbuds-for-hearing-health,clip on,,,,,,,,,,,,,,,,,,,,,,,,,,,,,,,,,,,,,,
https://shokz.com/blogs/news/clip-on-earbuds-master-comfort,clip on,,,,,,,,,,,,,,,,,,,,,,,,,,,,,,,,,,,,,,
https://shokz.com/blogs/news/clip-on-earbuds-vs-open-ear-headphones,"open ear,clip on",,,,,,,,,,,,,,,,,,,,,,,,,,,,,,,,,,,,,,
https://shokz.com/blogs/news/clip-on-vs-ear-hook-earbuds-for-heavy-sweating,"clip on,ear hook",,,,,,,,,,,,,,,,,,,,,,,,,,,,,,,,,,,,,,
https://shokz.com/blogs/news/cmo-kim-fassettas-tips-on-how-to-work-through-the-pain,news,,,,,,,,,,,,,,,,,,,,,,,,,,,,,,,,,,,,,,
https://shokz.com/blogs/news/cmo-kim-s-race-day-gear-review,news,,,,,,,,,,,,,,,,,,,,,,,,,,,,,,,,,,,,,,
https://shokz.com/blogs/news/collaboration-tools-for-remote-teams,buying,工具推荐算buying吗,,,,,,,,,,,,,,,,,,,,,,,,,,,,,,,,,,,,,
https://shokz.com/blogs/news/college-school-supplies,buying,,,,,,,,,,,,,,,,,,,,,,,,,,,,,,,,,,,,,,
https://shokz.com/blogs/news/comfortable-open-ear-headphones-that-last-all-day,open ear,,,,,,,,,,,,,,,,,,,,,,,,,,,,,,,,,,,,,,
https://shokz.com/blogs/news/common-causes-of-runner-injury,news,,,,,,,,,,,,,,,,,,,,,,,,,,,,,,,,,,,,,,
https://shokz.com/blogs/news/common-runner-injuries-to-avoid,news,,,,,,,,,,,,,,,,,,,,,,,,,,,,,,,,,,,,,,
https://shokz.com/blogs/news/connect-wireless-earbuds-to-android-phone,support,蓝牙链接技巧,,,,,,,,,,,,,,,,,,,,,,,,,,,,,,,,,,,,,
https://shokz.com/blogs/news/dan-cox,news,,,,,,,,,,,,,,,,,,,,,,,,,,,,,,,,,,,,,,
https://shokz.com/blogs/news/darryl-on-the-cycling-with-music-debate,news,,,,,,,,,,,,,,,,,,,,,,,,,,,,,,,,,,,,,,
https://shokz.com/blogs/news/did-someone-say-fireworks,news,,,,,,,,,,,,,,,,,,,,,,,,,,,,,,,,,,,,,,
https://shokz.com/blogs/news/different-types-of-earbuds,open ear,,,,,,,,,,,,,,,,,,,,,,,,,,,,,,,,,,,,,,
https://shokz.com/blogs/news/directional-audio-vs-traditional-speakers,open ear,跟开耳相关,,,,,,,,,,,,,,,,,,,,,,,,,,,,,,,,,,,,,
https://shokz.com/blogs/news/discover-5-benefits-of-cycling,news,,,,,,,,,,,,,,,,,,,,,,,,,,,,,,,,,,,,,,
https://shokz.com/blogs/news/discover-easy-ways-to-celebrate-juneteenth,news,,,,,,,,,,,,,,,,,,,,,,,,,,,,,,,,,,,,,,
https://shokz.com/blogs/news/diy-earbuds-to-stop-falling-out,open ear,,,,,,,,,,,,,,,,,,,,,,,,,,,,,,,,,,,,,,
https://shokz.com/blogs/news/do-bone-conduction-headphones-sound-good,bone conduction,,,,,,,,,,,,,,,,,,,,,,,,,,,,,,,,,,,,,,
https://shokz.com/blogs/news/do-clip-on-earbuds-cause-audio-imbalance,clip on,,,,,,,,,,,,,,,,,,,,,,,,,,,,,,,,,,,,,,
https://shokz.com/blogs/news/do-earbuds-cause-ear-infections,"open ear,ear hook",,,,,,,,,,,,,,,,,,,,,,,,,,,,,,,,,,,,,,
https://shokz.com/blogs/news/does-spotify-have-dolby-atmos,"ear hook,support",,,,,,,,,,,,,,,,,,,,,,,,,,,,,,,,,,,,,,
https://shokz.com/blogs/news/does-swimming-help-you-lose-weight,"bone conduction,support",,,,,,,,,,,,,,,,,,,,,,,,,,,,,,,,,,,,,,
https://shokz.com/blogs/news/dolby-audio-vs-dolby-atmos,open ear,跟开耳相关,,,,,,,,,,,,,,,,,,,,,,,,,,,,,,,,,,,,,
https://shokz.com/blogs/news/draining-water-from-swimming-headphones,"bone conduction,open ear",,,,,,,,,,,,,,,,,,,,,,,,,,,,,,,,,,,,,,
https://shokz.com/blogs/news/ear-clip-earbuds-use-cases,clip on,,,,,,,,,,,,,,,,,,,,,,,,,,,,,,,,,,,,,,
https://shokz.com/blogs/news/ear-hook-vs-clip-on-earbuds,"clip on,ear hook",,,,,,,,,,,,,,,,,,,,,,,,,,,,,,,,,,,,,,
https://shokz.com/blogs/news/earbuds-that-dont-fall-out-for-sports,open ear,,,,,,,,,,,,,,,,,,,,,,,,,,,,,,,,,,,,,,
https://shokz.com/blogs/news/earbuds-that-dont-go-in-your-ear,open ear,,,,,,,,,,,,,,,,,,,,,,,,,,,,,,,,,,,,,,
https://shokz.com/blogs/news/earbuds-with-longest-battery-life,"bone conduction,clip on,ear hook",,,,,,,,,,,,,,,,,,,,,,,,,,,,,,,,,,,,,,
https://shokz.com/blogs/news/earhook-vs-clip-on-for-marathon-running,"clip on,ear hook",,,,,,,,,,,,,,,,,,,,,,,,,,,,,,,,,,,,,,
https://shokz.com/blogs/news/earth-day-5-simple-ways-to-recycle-your-electronics,news,,,,,,,,,,,,,,,,,,,,,,,,,,,,,,,,,,,,,,
https://shokz.com/blogs/news/eight-ways-to-practice-mindfulness-on-the-trails,news,,,,,,,,,,,,,,,,,,,,,,,,,,,,,,,,,,,,,,
https://shokz.com/blogs/news/entertaining-things-to-listen-to-watch-this-holiday-season,news,,,,,,,,,,,,,,,,,,,,,,,,,,,,,,,,,,,,,,
https://shokz.com/blogs/news/escape-from-alcatraz-putting-it-all-together,news,,,,,,,,,,,,,,,,,,,,,,,,,,,,,,,,,,,,,,
https://shokz.com/blogs/news/everything-your-aftershokz-two-year-warranty-covers,"bone conduction,open ear,support",,,,,,,,,,,,,,,,,,,,,,,,,,,,,,,,,,,,,,
https://shokz.com/blogs/news/explain-like-im-5-bone-conduction-a-special-podcast-feature-by-aftershokz,bone conduction,,,,,,,,,,,,,,,,,,,,,,,,,,,,,,,,,,,,,,
https://shokz.com/blogs/news/explain-like-im-5-solar-panel,news,,,,,,,,,,,,,,,,,,,,,,,,,,,,,,,,,,,,,,
https://shokz.com/blogs/news/faq-holiday-shipping-delays-and-aftershokz,support,,,,,,,,,,,,,,,,,,,,,,,,,,,,,,,,,,,,,,
https://shokz.com/blogs/news/finding-strength-on-the-trails,news,,,,,,,,,,,,,,,,,,,,,,,,,,,,,,,,,,,,,,
https://shokz.com/blogs/news/finding-success-after-the-finish-line,news,,,,,,,,,,,,,,,,,,,,,,,,,,,,,,,,,,,,,,
https://shokz.com/blogs/news/fitness-holiday-gifts-under-100-for-everyone-on-your-list,buying,,,,,,,,,,,,,,,,,,,,,,,,,,,,,,,,,,,,,,
https://shokz.com/blogs/news/fitness-myths-debunked,news,,,,,,,,,,,,,,,,,,,,,,,,,,,,,,,,,,,,,,
https://shokz.com/blogs/news/fitness-tips-to-jumpstart-active-lifestyle,support,,,,,,,,,,,,,,,,,,,,,,,,,,,,,,,,,,,,,,
https://shokz.com/blogs/news/five-must-have-items-to-kick-start-your-resolutions,support,,,,,,,,,,,,,,,,,,,,,,,,,,,,,,,,,,,,,,
https://shokz.com/blogs/news/five-ways-aeropex-improve-your-run,buying,,,,,,,,,,,,,,,,,,,,,,,,,,,,,,,,,,,,,,
https://shokz.com/blogs/news/fixed-vs-head-tracked-spatial-audio,open ear,跟开耳相关,,,,,,,,,,,,,,,,,,,,,,,,,,,,,,,,,,,,,
https://shokz.com/blogs/news/four-ways-to-enjoy-the-holidays-and-stay-on-track,support,,,,,,,,,,,,,,,,,,,,,,,,,,,,,,,,,,,,,,
https://shokz.com/blogs/news/fueling-your-body-for-optimal-performance,news,,,,,,,,,,,,,,,,,,,,,,,,,,,,,,,,,,,,,,
https://shokz.com/blogs/news/get-a-taste-of-aftershokz-at-allstate-hot-chocolate-race,news,,,,,,,,,,,,,,,,,,,,,,,,,,,,,,,,,,,,,,
https://shokz.com/blogs/news/get-to-know-262squad-coach-chris-heuisler,news,,,,,,,,,,,,,,,,,,,,,,,,,,,,,,,,,,,,,,
https://shokz.com/blogs/news/getting-through-a-pandemic-with-professional-triathletes-jeanni-seymour-and-justin-metzler,news,,,,,,,,,,,,,,,,,,,,,,,,,,,,,,,,,,,,,,
https://shokz.com/blogs/news/gifts-for-commuters,buying,,,,,,,,,,,,,,,,,,,,,,,,,,,,,,,,,,,,,,
https://shokz.com/blogs/news/global-running-day-race-deals-and-discounts,buying,,,,,,,,,,,,,,,,,,,,,,,,,,,,,,,,,,,,,,
https://shokz.com/blogs/news/greetings-from-the-boston-marathon,news,,,,,,,,,,,,,,,,,,,,,,,,,,,,,,,,,,,,,,
https://shokz.com/blogs/news/guide-to-wireless-earbuds-with-good-battery-life,open ear,,,,,,,,,,,,,,,,,,,,,,,,,,,,,,,,,,,,,,
https://shokz.com/blogs/news/half-year-recap-shokz-x-dei,news,,,,,,,,,,,,,,,,,,,,,,,,,,,,,,,,,,,,,,
https://shokz.com/blogs/news/headphone-impedance-meaning,open ear,,,,,,,,,,,,,,,,,,,,,,,,,,,,,,,,,,,,,,
https://shokz.com/blogs/news/headphone-leakage-suppression-technology,"bone conduction,open ear",,,,,,,,,,,,,,,,,,,,,,,,,,,,,,,,,,,,,,
https://shokz.com/blogs/news/headphones-that-charge-fast,open ear,快充开放式耳机,,,,,,,,,,,,,,,,,,,,,,,,,,,,,,,,,,,,,
https://shokz.com/blogs/news/headphones-vs-speakers,"bone conduction,clip on,ear hook",大类的对比,,,,,,,,,,,,,,,,,,,,,,,,,,,,,,,,,,,,,
https://shokz.com/blogs/news/healthy-foods-to-fuel-your-swim,support,,,,,,,,,,,,,,,,,,,,,,,,,,,,,,,,,,,,,,
https://shokz.com/blogs/news/healthy-recipes-for-st-patricks-day,news,,,,,,,,,,,,,,,,,,,,,,,,,,,,,,,,,,,,,,
https://shokz.com/blogs/news/hellen-obiri-claims-bronz-at-2024-paris-olympic-marathon,news,,,,,,,,,,,,,,,,,,,,,,,,,,,,,,,,,,,,,,
https://shokz.com/blogs/news/here-are-5-ways-to-be-eco-friendly-while-staying-active,news,,,,,,,,,,,,,,,,,,,,,,,,,,,,,,,,,,,,,,
https://shokz.com/blogs/news/here-are-the-5-best-races-to-run-this-fall,news,,,,,,,,,,,,,,,,,,,,,,,,,,,,,,,,,,,,,,
https://shokz.com/blogs/news/here-s-how-you-can-treat-your-injury-without-a-prescription,support,,,,,,,,,,,,,,,,,,,,,,,,,,,,,,,,,,,,,,
https://shokz.com/blogs/news/hidden-risks-of-prolonged-headphone-use,open ear,,,,,,,,,,,,,,,,,,,,,,,,,,,,,,,,,,,,,,
https://shokz.com/blogs/news/hiking-gear,bone conduction,,,,,,,,,,,,,,,,,,,,,,,,,,,,,,,,,,,,,,
https://shokz.com/blogs/news/hit-the-slopes-with-aftershokz,news,,,,,,,,,,,,,,,,,,,,,,,,,,,,,,,,,,,,,,
https://shokz.com/blogs/news/hitting-the-slopes-with-aftershokz,news,,,,,,,,,,,,,,,,,,,,,,,,,,,,,,,,,,,,,,
https://shokz.com/blogs/news/holiday-media-round-up,news,,,,,,,,,,,,,,,,,,,,,,,,,,,,,,,,,,,,,,
https://shokz.com/blogs/news/holiday-recipes-from-team-aftershokz,news,,,,,,,,,,,,,,,,,,,,,,,,,,,,,,,,,,,,,,
https://shokz.com/blogs/news/how-aftershokz-can-assist-with-hearing,"bone conduction,open ear",,,,,,,,,,,,,,,,,,,,,,,,,,,,,,,,,,,,,,
https://shokz.com/blogs/news/how-aftershokz-can-be-the-best-study-buddy,"bone conduction,open ear,support",,,,,,,,,,,,,,,,,,,,,,,,,,,,,,,,,,,,,,
https://shokz.com/blogs/news/how-aftershokz-can-help-in-a-dangerous-situation,news,,,,,,,,,,,,,,,,,,,,,,,,,,,,,,,,,,,,,,
https://shokz.com/blogs/news/how-aftershokz-can-help-the-whole-family,buying,,,,,,,,,,,,,,,,,,,,,,,,,,,,,,,,,,,,,,
https://shokz.com/blogs/news/how-aftershokz-can-help-you-work-from-home,buying,,,,,,,,,,,,,,,,,,,,,,,,,,,,,,,,,,,,,,
https://shokz.com/blogs/news/how-aftershokz-help-you-stay-connected,buying,,,,,,,,,,,,,,,,,,,,,,,,,,,,,,,,,,,,,,
https://shokz.com/blogs/news/how-aftershokz-is-changing-deaf-lives,news,,,,,,,,,,,,,,,,,,,,,,,,,,,,,,,,,,,,,,
https://shokz.com/blogs/news/how-aftershokz-work-during-nascar-race,news,,,,,,,,,,,,,,,,,,,,,,,,,,,,,,,,,,,,,,
https://shokz.com/blogs/news/how-bluetooth-works,support,这篇没有涉及产品,,,,,,,,,,,,,,,,,,,,,,,,,,,,,,,,,,,,,
https://shokz.com/blogs/news/how-bone-conduction-headphones-preserve-situational-awareness,bone conduction,,,,,,,,,,,,,,,,,,,,,,,,,,,,,,,,,,,,,,
https://shokz.com/blogs/news/how-bone-conduction-headphones-reduce-ear-canal-contamination,bone conduction,,,,,,,,,,,,,,,,,,,,,,,,,,,,,,,,,,,,,,
https://shokz.com/blogs/news/how-bone-conduction-technology-made-me-a-safer-cyclist,bone conduction,,,,,,,,,,,,,,,,,,,,,,,,,,,,,,,,,,,,,,
https://shokz.com/blogs/news/how-can-the-right-headphones-enhance-workout-performance,bone conduction,,,,,,,,,,,,,,,,,,,,,,,,,,,,,,,,,,,,,,
https://shokz.com/blogs/news/how-can-you-make-bluetooth-headphones-louder,open ear,,,,,,,,,,,,,,,,,,,,,,,,,,,,,,,,,,,,,,
https://shokz.com/blogs/news/how-directional-audio-technology-works,open ear,,,,,,,,,,,,,,,,,,,,,,,,,,,,,,,,,,,,,,
https://shokz.com/blogs/news/how-disabled-veteran-todd-short-took-back-his-life,news,,,,,,,,,,,,,,,,,,,,,,,,,,,,,,,,,,,,,,
https://shokz.com/blogs/news/how-do-you-listen-to-a-podcast,"ear hook,support",,,,,,,,,,,,,,,,,,,,,,,,,,,,,,,,,,,,,,
https://shokz.com/blogs/news/how-does-noise-canceling-work,open ear,,,,,,,,,,,,,,,,,,,,,,,,,,,,,,,,,,,,,,
https://shokz.com/blogs/news/how-far-does-bluetooth-reaches,"bone conduction,support",蓝牙主题分类到哪？先待定,,,,,,,,,,,,,,,,,,,,,,,,,,,,,,,,,,,,,
https://shokz.com/blogs/news/how-i-ran-a-marathon-with-my-autoimmune-disease,news,,,,,,,,,,,,,,,,,,,,,,,,,,,,,,,,,,,,,,
https://shokz.com/blogs/news/how-long-does-it-take-to-walk-10000-steps,"bone conduction,support",,,,,,,,,,,,,,,,,,,,,,,,,,,,,,,,,,,,,,
https://shokz.com/blogs/news/how-music-affects-your-mood,support,,,,,,,,,,,,,,,,,,,,,,,,,,,,,,,,,,,,,,
https://shokz.com/blogs/news/how-shokz-is-making-headlines-in-the-press,news,,,,,,,,,,,,,,,,,,,,,,,,,,,,,,,,,,,,,,
https://shokz.com/blogs/news/how-shokzstar-mai-managed-plantar-fasciitis-and-adjusted-her-goals,news,,,,,,,,,,,,,,,,,,,,,,,,,,,,,,,,,,,,,,
https://shokz.com/blogs/news/how-shokzstar-steffanie-spread-happiness,news,,,,,,,,,,,,,,,,,,,,,,,,,,,,,,,,,,,,,,
https://shokz.com/blogs/news/how-tina-muir-rediscovered-her-passion,news,,,,,,,,,,,,,,,,,,,,,,,,,,,,,,,,,,,,,,
https://shokz.com/blogs/news/how-to-adjust-eq-settings-on-titanium-headphones,support,,,,,,,,,,,,,,,,,,,,,,,,,,,,,,,,,,,,,,
https://shokz.com/blogs/news/how-to-be-a-safer-cyclist,support,,,,,,,,,,,,,,,,,,,,,,,,,,,,,,,,,,,,,,
https://shokz.com/blogs/news/how-to-beat-the-running-boredom,news,,,,,,,,,,,,,,,,,,,,,,,,,,,,,,,,,,,,,,
https://shokz.com/blogs/news/how-to-beat-the-summer-heat-while-training,support,,,,,,,,,,,,,,,,,,,,,,,,,,,,,,,,,,,,,,
https://shokz.com/blogs/news/how-to-breathe-while-running,"bone conduction,support",,,,,,,,,,,,,,,,,,,,,,,,,,,,,,,,,,,,,,
https://shokz.com/blogs/news/how-to-build-stamina-fast-for-running,support,,,,,,,,,,,,,,,,,,,,,,,,,,,,,,,,,,,,,,
https://shokz.com/blogs/news/how-to-buy-aftershokz-with-afterpay,"bone conduction,open ear,support",,,,,,,,,,,,,,,,,,,,,,,,,,,,,,,,,,,,,,
https://shokz.com/blogs/news/how-to-care-for-your-aeropex,"bone conduction,open ear,support",,,,,,,,,,,,,,,,,,,,,,,,,,,,,,,,,,,,,,
https://shokz.com/blogs/news/how-to-care-for-your-aftershokz-headphones,"bone conduction,open ear,support",,,,,,,,,,,,,,,,,,,,,,,,,,,,,,,,,,,,,,
https://shokz.com/blogs/news/how-to-change-aftershokz-sound-settings,"bone conduction,open ear,support",,,,,,,,,,,,,,,,,,,,,,,,,,,,,,,,,,,,,,
https://shokz.com/blogs/news/how-to-change-the-eq-settings-on-aftershokz-openmove,"bone conduction,open ear,support",,,,,,,,,,,,,,,,,,,,,,,,,,,,,,,,,,,,,,
https://shokz.com/blogs/news/how-to-charge-your-aftershokz-headphones,"bone conduction,open ear,support",,,,,,,,,,,,,,,,,,,,,,,,,,,,,,,,,,,,,,
https://shokz.com/blogs/news/how-to-check-the-battery-status-on-your-titanium-headphones,"open ear,support",,,,,,,,,,,,,,,,,,,,,,,,,,,,,,,,,,,,,,
https://shokz.com/blogs/news/how-to-choose-a-storage-case-for-your-aftershokz,"bone conduction,open ear,support",,,,,,,,,,,,,,,,,,,,,,,,,,,,,,,,,,,,,,
https://shokz.com/blogs/news/how-to-choose-clip-on-earbuds,"clip on,buying",,,,,,,,,,,,,,,,,,,,,,,,,,,,,,,,,,,,,,
https://shokz.com/blogs/news/how-to-choose-clip-on-earbuds-not-too-tight-or-loose,"clip on,buying",,,,,,,,,,,,,,,,,,,,,,,,,,,,,,,,,,,,,,
https://shokz.com/blogs/news/how-to-choose-open-earbuds,"open ear,buying",,,,,,,,,,,,,,,,,,,,,,,,,,,,,,,,,,,,,,
https://shokz.com/blogs/news/how-to-choose-refurbished-headphones,buying,,,,,,,,,,,,,,,,,,,,,,,,,,,,,,,,,,,,,,
https://shokz.com/blogs/news/how-to-choose-spring-sports,"bone conduction,support",,,,,,,,,,,,,,,,,,,,,,,,,,,,,,,,,,,,,,
https://shokz.com/blogs/news/how-to-choose-the-most-comfortable-earbuds-for-sensitive-ears,"bone conduction,open ear,buying",,,,,,,,,,,,,,,,,,,,,,,,,,,,,,,,,,,,,,
https://shokz.com/blogs/news/how-to-choose-the-right-noise-reduction-earbuds,"open ear,buying",,,,,,,,,,,,,,,,,,,,,,,,,,,,,,,,,,,,,,
https://shokz.com/blogs/news/how-to-connect-headphones-to-tv,support,,,,,,,,,,,,,,,,,,,,,,,,,,,,,,,,,,,,,,
https://shokz.com/blogs/news/how-to-cope-with-running-injury,news,,,,,,,,,,,,,,,,,,,,,,,,,,,,,,,,,,,,,,
https://shokz.com/blogs/news/how-to-file-a-warranty-claim-for-aftershokz-headphones,"bone conduction,open ear,support",,,,,,,,,,,,,,,,,,,,,,,,,,,,,,,,,,,,,,
https://shokz.com/blogs/news/how-to-fix-headphones-connected-no-sound,support,,,,,,,,,,,,,,,,,,,,,,,,,,,,,,,,,,,,,,
https://shokz.com/blogs/news/how-to-get-back-into-running-after-a-break,support,,,,,,,,,,,,,,,,,,,,,,,,,,,,,,,,,,,,,,
https://shokz.com/blogs/news/how-to-get-the-most-out-of-openfit-air,"open ear,support",,,,,,,,,,,,,,,,,,,,,,,,,,,,,,,,,,,,,,
https://shokz.com/blogs/news/how-to-go-for-a-run-with-your-dog-the-right-way,support,,,,,,,,,,,,,,,,,,,,,,,,,,,,,,,,,,,,,,
https://shokz.com/blogs/news/how-to-graduate-from-half-marathon-distance-to-full,news,,,,,,,,,,,,,,,,,,,,,,,,,,,,,,,,,,,,,,
https://shokz.com/blogs/news/how-to-host-a-virtual-galentines-palentines-day-with-aftershokz,"open ear,support",,,,,,,,,,,,,,,,,,,,,,,,,,,,,,,,,,,,,,
https://shokz.com/blogs/news/how-to-identify-truly-effective-open-earbuds,open ear,,,,,,,,,,,,,,,,,,,,,,,,,,,,,,,,,,,,,,
https://shokz.com/blogs/news/how-to-improve-your-swim-with-xtrainerz,"open ear,support",,,,,,,,,,,,,,,,,,,,,,,,,,,,,,,,,,,,,,
https://shokz.com/blogs/news/how-to-keep-earbuds-from-falling-out,open ear,,,,,,,,,,,,,,,,,,,,,,,,,,,,,,,,,,,,,,
https://shokz.com/blogs/news/how-to-keep-your-aftershokz-clean-disinfected,"bone conduction,open ear,support",,,,,,,,,,,,,,,,,,,,,,,,,,,,,,,,,,,,,,
https://shokz.com/blogs/news/how-to-keep-your-heart-healthy,news,,,,,,,,,,,,,,,,,,,,,,,,,,,,,,,,,,,,,,
https://shokz.com/blogs/news/how-to-know-if-aeropex-mini-is-right-for-you,"bone conduction,open ear,support",,,,,,,,,,,,,,,,,,,,,,,,,,,,,,,,,,,,,,
https://shokz.com/blogs/news/how-to-listen-to-audiobooks,"bone conduction,support",,,,,,,,,,,,,,,,,,,,,,,,,,,,,,,,,,,,,,
https://shokz.com/blogs/news/how-to-maintain-your-fitness-training-during-the-summer,news,采访,,,,,,,,,,,,,,,,,,,,,,,,,,,,,,,,,,,,,
https://shokz.com/blogs/news/how-to-make-bone-conduction-headphones-more-comfortable,bone conduction,,,,,,,,,,,,,,,,,,,,,,,,,,,,,,,,,,,,,,
https://shokz.com/blogs/news/how-to-make-fitness-a-priority-with-busy-schedule,support,,,,,,,,,,,,,,,,,,,,,,,,,,,,,,,,,,,,,,
https://shokz.com/blogs/news/how-to-make-your-virtual-runs-more-fun,support,,,,,,,,,,,,,,,,,,,,,,,,,,,,,,,,,,,,,,
https://shokz.com/blogs/news/how-to-manage-training-for-multisport-events,news,人物分享,,,,,,,,,,,,,,,,,,,,,,,,,,,,,,,,,,,,,
https://shokz.com/blogs/news/how-to-manually-reset-your-bluez-2s-wired-headphones,"open ear,support",,,,,,,,,,,,,,,,,,,,,,,,,,,,,,,,,,,,,,
https://shokz.com/blogs/news/how-to-manually-reset-your-titanium-headphones,"open ear,support",,,,,,,,,,,,,,,,,,,,,,,,,,,,,,,,,,,,,,
https://shokz.com/blogs/news/how-to-master-clip-on-earbuds-in-public,clip on,,,,,,,,,,,,,,,,,,,,,,,,,,,,,,,,,,,,,,
https://shokz.com/blogs/news/how-to-mentally-cope-with-injury,news,,,,,,,,,,,,,,,,,,,,,,,,,,,,,,,,,,,,,,
https://shokz.com/blogs/news/how-to-overcome-your-fears,support,,,,,,,,,,,,,,,,,,,,,,,,,,,,,,,,,,,,,,
https://shokz.com/blogs/news/how-to-pack-your-bag-and-van-for-a-relay-race,support,,,,,,,,,,,,,,,,,,,,,,,,,,,,,,,,,,,,,,
https://shokz.com/blogs/news/how-to-pair-shokz-headphones,"bone conduction,open ear,support",,,,,,,,,,,,,,,,,,,,,,,,,,,,,,,,,,,,,,
https://shokz.com/blogs/news/how-to-pair-wireless-earbuds,support,,,,,,,,,,,,,,,,,,,,,,,,,,,,,,,,,,,,,,
https://shokz.com/blogs/news/how-to-pair-your-bluez-2s-to-a-new-device,"open ear,support",,,,,,,,,,,,,,,,,,,,,,,,,,,,,,,,,,,,,,
https://shokz.com/blogs/news/how-to-pick-the-right-running-shoes,news,采访,,,,,,,,,,,,,,,,,,,,,,,,,,,,,,,,,,,,,
https://shokz.com/blogs/news/how-to-pick-your-races-for-2020,news,,,,,,,,,,,,,,,,,,,,,,,,,,,,,,,,,,,,,,
https://shokz.com/blogs/news/how-to-power-on-your-air,support,,,,,,,,,,,,,,,,,,,,,,,,,,,,,,,,,,,,,,
https://shokz.com/blogs/news/how-to-power-on-your-titanium-headphones,"open ear,support",,,,,,,,,,,,,,,,,,,,,,,,,,,,,,,,,,,,,,
https://shokz.com/blogs/news/how-to-prepare-for-a-marathon,"bone conduction,support",,,,,,,,,,,,,,,,,,,,,,,,,,,,,,,,,,,,,,
https://shokz.com/blogs/news/how-to-prepare-for-your-first-relay-race,support,,,,,,,,,,,,,,,,,,,,,,,,,,,,,,,,,,,,,,
https://shokz.com/blogs/news/how-to-properly-wear-your-titanium-headphones,"open ear,support",,,,,,,,,,,,,,,,,,,,,,,,,,,,,,,,,,,,,,
https://shokz.com/blogs/news/how-to-qualify-for-the-boston-marathon,support,,,,,,,,,,,,,,,,,,,,,,,,,,,,,,,,,,,,,,
https://shokz.com/blogs/news/how-to-read-the-led-indicator-on-your-sportz-titanium-headphones,"open ear,support",,,,,,,,,,,,,,,,,,,,,,,,,,,,,,,,,,,,,,
https://shokz.com/blogs/news/how-to-recover-like-a-rock-star,news,,,,,,,,,,,,,,,,,,,,,,,,,,,,,,,,,,,,,,
https://shokz.com/blogs/news/how-to-reset-headphones,support,,,,,,,,,,,,,,,,,,,,,,,,,,,,,,,,,,,,,,
https://shokz.com/blogs/news/how-to-return-or-exchange-your-aftershokz-headphones,"open ear,support",,,,,,,,,,,,,,,,,,,,,,,,,,,,,,,,,,,,,,
https://shokz.com/blogs/news/how-to-run-a-400m-sprint,"bone conduction,support",,,,,,,,,,,,,,,,,,,,,,,,,,,,,,,,,,,,,,
https://shokz.com/blogs/news/how-to-run-in-cold-weather,support,,,,,,,,,,,,,,,,,,,,,,,,,,,,,,,,,,,,,,
https://shokz.com/blogs/news/how-to-safely-dispose-of-your-old-headphones,support,,,,,,,,,,,,,,,,,,,,,,,,,,,,,,,,,,,,,,
https://shokz.com/blogs/news/how-to-set-up-multipoint-pairing-aftershokz,"bone conduction,open ear,support",,,,,,,,,,,,,,,,,,,,,,,,,,,,,,,,,,,,,,
https://shokz.com/blogs/news/how-to-stay-active-as-a-family,support,,,,,,,,,,,,,,,,,,,,,,,,,,,,,,,,,,,,,,
https://shokz.com/blogs/news/how-to-stay-safe-while-you-run,"bone conduction,open ear",,,,,,,,,,,,,,,,,,,,,,,,,,,,,,,,,,,,,,
https://shokz.com/blogs/news/how-to-store-your-aftershokz-headphones,"bone conduction,open ear,support",,,,,,,,,,,,,,,,,,,,,,,,,,,,,,,,,,,,,,
https://shokz.com/blogs/news/how-to-strengthen-knees,"bone conduction,support",,,,,,,,,,,,,,,,,,,,,,,,,,,,,,,,,,,,,,
https://shokz.com/blogs/news/how-to-support-a-runner-through-the-taper,news,,,,,,,,,,,,,,,,,,,,,,,,,,,,,,,,,,,,,,
https://shokz.com/blogs/news/how-to-switch-languages-on-air,support,,,,,,,,,,,,,,,,,,,,,,,,,,,,,,,,,,,,,,
https://shokz.com/blogs/news/how-to-take-make-phone-calls-with-titanium-headphones,support,,,,,,,,,,,,,,,,,,,,,,,,,,,,,,,,,,,,,,
https://shokz.com/blogs/news/how-to-train-for-an-8-minute-mile-in-30-days,news,,,,,,,,,,,,,,,,,,,,,,,,,,,,,,,,,,,,,,
https://shokz.com/blogs/news/how-to-train-for-nighttime-races,support,,,,,,,,,,,,,,,,,,,,,,,,,,,,,,,,,,,,,,
https://shokz.com/blogs/news/how-to-unplug-with-your-shokz-headphones,"bone conduction,open ear,support",,,,,,,,,,,,,,,,,,,,,,,,,,,,,,,,,,,,,,
https://shokz.com/blogs/news/how-to-use-aeropex-for-holiday-travel,"open ear,support",,,,,,,,,,,,,,,,,,,,,,,,,,,,,,,,,,,,,,
https://shokz.com/blogs/news/how-to-use-aftershokz-with-earplugs,"open ear,support",,,,,,,,,,,,,,,,,,,,,,,,,,,,,,,,,,,,,,
https://shokz.com/blogs/news/how-to-use-opencomm-with-video-chatting-software,"open ear,support",,,,,,,,,,,,,,,,,,,,,,,,,,,,,,,,,,,,,,
https://shokz.com/blogs/news/how-to-use-the-multifuncton-button,support,,,,,,,,,,,,,,,,,,,,,,,,,,,,,,,,,,,,,,
https://shokz.com/blogs/news/how-to-wear-bone-conduction-headphones,bone conduction,,,,,,,,,,,,,,,,,,,,,,,,,,,,,,,,,,,,,,
https://shokz.com/blogs/news/how-to-wear-clip-on-earbuds,clip on,,,,,,,,,,,,,,,,,,,,,,,,,,,,,,,,,,,,,,
https://shokz.com/blogs/news/how-to-wear-shokz-with-a-helmet,"bone conduction,open ear,support",,,,,,,,,,,,,,,,,,,,,,,,,,,,,,,,,,,,,,
https://shokz.com/blogs/news/how-to-wear-shokz-with-glasses,"bone conduction,open ear,support",,,,,,,,,,,,,,,,,,,,,,,,,,,,,,,,,,,,,,
https://shokz.com/blogs/news/how-to-wear-xtrainerz,"open ear,support",,,,,,,,,,,,,,,,,,,,,,,,,,,,,,,,,,,,,,
https://shokz.com/blogs/news/how-to-wear-your-aftershokz,"open ear,support",,,,,,,,,,,,,,,,,,,,,,,,,,,,,,,,,,,,,,
https://shokz.com/blogs/news/how-to-wear-your-headphones-with-a-hat,support,,,,,,,,,,,,,,,,,,,,,,,,,,,,,,,,,,,,,,
https://shokz.com/blogs/news/how-waterproof-do-open-ear-headphones-need-to-be,open ear,,,,,,,,,,,,,,,,,,,,,,,,,,,,,,,,,,,,,,
https://shokz.com/blogs/news/how-we-can-all-show-up-for-racial-justice,news,,,,,,,,,,,,,,,,,,,,,,,,,,,,,,,,,,,,,,
https://shokz.com/blogs/news/how-your-aftershokz-can-help-when-you-re-stuck-at-home,"bone conduction,open ear,support",,,,,,,,,,,,,,,,,,,,,,,,,,,,,,,,,,,,,,
https://shokz.com/blogs/news/hybrid-training-program,"bone conduction,support",,,,,,,,,,,,,,,,,,,,,,,,,,,,,,,,,,,,,,
https://shokz.com/blogs/news/hybrid-work-meaning,"open ear,support",,,,,,,,,,,,,,,,,,,,,,,,,,,,,,,,,,,,,,
https://shokz.com/blogs/news/improve-using-experience-with-shokz-app,"bone conduction,open ear,support",,,,,,,,,,,,,,,,,,,,,,,,,,,,,,,,,,,,,,
https://shokz.com/blogs/news/in-ear-vs-semi-in-ear-vs-open-ear,open ear,,,,,,,,,,,,,,,,,,,,,,,,,,,,,,,,,,,,,,
https://shokz.com/blogs/news/international-women-s-day-gifts,buying,,,,,,,,,,,,,,,,,,,,,,,,,,,,,,,,,,,,,,
https://shokz.com/blogs/news/interview-with-nascar-driver-chase-elliott,news,,,,,,,,,,,,,,,,,,,,,,,,,,,,,,,,,,,,,,
https://shokz.com/blogs/news/interview-with-professional-ultrarunner-ian-sharman,news,,,,,,,,,,,,,,,,,,,,,,,,,,,,,,,,,,,,,,
https://shokz.com/blogs/news/interview-with-world-1-ranked-triathlete-katie-zaferes,news,,,,,,,,,,,,,,,,,,,,,,,,,,,,,,,,,,,,,,
https://shokz.com/blogs/news/interview-with-world-record-holder-and-elite-runner-calum-neff,news,,,,,,,,,,,,,,,,,,,,,,,,,,,,,,,,,,,,,,
https://shokz.com/blogs/news/introducing-aeropex-mini-big-performance-smaller-size,news,,,,,,,,,,,,,,,,,,,,,,,,,,,,,,,,,,,,,,
https://shokz.com/blogs/news/introducing-aeropex-refurbished,news,,,,,,,,,,,,,,,,,,,,,,,,,,,,,,,,,,,,,,
https://shokz.com/blogs/news/introducing-gene-gurkoff-founder-charity-miles,news,,,,,,,,,,,,,,,,,,,,,,,,,,,,,,,,,,,,,,
https://shokz.com/blogs/news/introducing-opencomm-aftershokz-open-ear-headset,news,,,,,,,,,,,,,,,,,,,,,,,,,,,,,,,,,,,,,,
https://shokz.com/blogs/news/introducing-openrun-pro,news,,,,,,,,,,,,,,,,,,,,,,,,,,,,,,,,,,,,,,
https://shokz.com/blogs/news/introducing-the-new-opendots-one,"clip on,news",,,,,,,,,,,,,,,,,,,,,,,,,,,,,,,,,,,,,,
https://shokz.com/blogs/news/introducing-the-shokz-games,news,,,,,,,,,,,,,,,,,,,,,,,,,,,,,,,,,,,,,,
https://shokz.com/blogs/news/introducing-trekz-air,news,,,,,,,,,,,,,,,,,,,,,,,,,,,,,,,,,,,,,,
https://shokz.com/blogs/news/ip68-waterproof-meaning,"bone conduction,support",,,,,,,,,,,,,,,,,,,,,,,,,,,,,,,,,,,,,,
https://shokz.com/blogs/news/is-music-affecting-your-workout,support,,,,,,,,,,,,,,,,,,,,,,,,,,,,,,,,,,,,,,
https://shokz.com/blogs/news/is-noise-cancelling-bad-for-your-ears,open ear,,,,,,,,,,,,,,,,,,,,,,,,,,,,,,,,,,,,,,
https://shokz.com/blogs/news/is-opendots-one-bone-conduction-headphone,"open ear,clip on",,,,,,,,,,,,,,,,,,,,,,,,,,,,,,,,,,,,,,
https://shokz.com/blogs/news/its-officially-fall-eat-accordingly,news,,,,,,,,,,,,,,,,,,,,,,,,,,,,,,,,,,,,,,
https://shokz.com/blogs/news/justin-daniels-on-running-for-copd-awareness,news,,,,,,,,,,,,,,,,,,,,,,,,,,,,,,,,,,,,,,
https://shokz.com/blogs/news/keep-earbuds-from-falling-out-while-running,open ear,,,,,,,,,,,,,,,,,,,,,,,,,,,,,,,,,,,,,,
https://shokz.com/blogs/news/keep-up-the-pace-262squad-1,news,,,,,,,,,,,,,,,,,,,,,,,,,,,,,,,,,,,,,,
https://shokz.com/blogs/news/lightweight-ear-clip-earbuds,"open ear,clip on",,,,,,,,,,,,,,,,,,,,,,,,,,,,,,,,,,,,,,
https://shokz.com/blogs/news/list-of-everyday-chores,"clip on,support",家务,,,,,,,,,,,,,,,,,,,,,,,,,,,,,,,,,,,,,
https://shokz.com/blogs/news/listen-to-this-shokz-playlist-for-instant-relaxation,news,,,,,,,,,,,,,,,,,,,,,,,,,,,,,,,,,,,,,,
https://shokz.com/blogs/news/love-themed-audio-to-get-you-in-the-mood-for-valentine-s-day,news,,,,,,,,,,,,,,,,,,,,,,,,,,,,,,,,,,,,,,
https://shokz.com/blogs/news/maintain-effective-social-interaction-while-wearing-headphones,open ear,,,,,,,,,,,,,,,,,,,,,,,,,,,,,,,,,,,,,,
https://shokz.com/blogs/news/making-it-bubba-wallace,news,,,,,,,,,,,,,,,,,,,,,,,,,,,,,,,,,,,,,,
https://shokz.com/blogs/news/making-it-jeff-browning,news,,,,,,,,,,,,,,,,,,,,,,,,,,,,,,,,,,,,,,
https://shokz.com/blogs/news/making-it-podcast-golfer-jim-knous,news,,,,,,,,,,,,,,,,,,,,,,,,,,,,,,,,,,,,,,
https://shokz.com/blogs/news/marathon-nutrition-and-hydration-basics,news,,,,,,,,,,,,,,,,,,,,,,,,,,,,,,,,,,,,,,
https://shokz.com/blogs/news/mastering-the-swim-and-bike,news,,,,,,,,,,,,,,,,,,,,,,,,,,,,,,,,,,,,,,
https://shokz.com/blogs/news/meet-aftershokz-ambassador-darrell-bubba-wallace-jr,news,,,,,,,,,,,,,,,,,,,,,,,,,,,,,,,,,,,,,,
https://shokz.com/blogs/news/meet-aftershokz-brand-ambassaor-pro-golfer-travis-fulton,news,,,,,,,,,,,,,,,,,,,,,,,,,,,,,,,,,,,,,,
https://shokz.com/blogs/news/meet-meb-keflezighi-our-newest-aftershokz-professional-athlete,news,,,,,,,,,,,,,,,,,,,,,,,,,,,,,,,,,,,,,,
https://shokz.com/blogs/news/meet-the-aftershokz-shokzstar-ambassador-class-of-2021,news,,,,,,,,,,,,,,,,,,,,,,,,,,,,,,,,,,,,,,
https://shokz.com/blogs/news/meet-the-izzo-brothers-marathoner-trio,news,,,,,,,,,,,,,,,,,,,,,,,,,,,,,,,,,,,,,,
https://shokz.com/blogs/news/meet-the-new-shokz-openfit-2,"open ear,ear hook,news",,,,,,,,,,,,,,,,,,,,,,,,,,,,,,,,,,,,,,
https://shokz.com/blogs/news/memorial-day-sale,buying,,,,,,,,,,,,,,,,,,,,,,,,,,,,,,,,,,,,,,
https://shokz.com/blogs/news/multifunction-button-101,support,,,,,,,,,,,,,,,,,,,,,,,,,,,,,,,,,,,,,,
https://shokz.com/blogs/news/national-parks-to-visit-while-social-distancing,news,,,,,,,,,,,,,,,,,,,,,,,,,,,,,,,,,,,,,,
https://shokz.com/blogs/news/neckband-are-uncomfortable-during-bench-press,"open ear,ear hook",,,,,,,,,,,,,,,,,,,,,,,,,,,,,,,,,,,,,,
https://shokz.com/blogs/news/new-open-earbuds-openfit-pro,"open ear,ear hook,news",,,,,,,,,,,,,,,,,,,,,,,,,,,,,,,,,,,,,,
https://shokz.com/blogs/news/new-year-new-goals,news,,,,,,,,,,,,,,,,,,,,,,,,,,,,,,,,,,,,,,
https://shokz.com/blogs/news/noise-isolating-vs-noise-canceling,"bone conduction,open ear,ear hook",NT 开放式降噪,,,,,,,,,,,,,,,,,,,,,,,,,,,,,,,,,,,,,
https://shokz.com/blogs/news/noise-reduction-headphones-for-comfort,"open ear,ear hook",,,,,,,,,,,,,,,,,,,,,,,,,,,,,,,,,,,,,,
https://shokz.com/blogs/news/noise-reduction-vs-noise-cancellation,"open ear,ear hook",,,,,,,,,,,,,,,,,,,,,,,,,,,,,,,,,,,,,,
https://shokz.com/blogs/news/noise-reduction-vs-noise-isolation,"open ear,ear hook",,,,,,,,,,,,,,,,,,,,,,,,,,,,,,,,,,,,,,
https://shokz.com/blogs/news/noise-suppression-vs-noise-reduction,"open ear,ear hook",,,,,,,,,,,,,,,,,,,,,,,,,,,,,,,,,,,,,,
https://shokz.com/blogs/news/non-running-fitness-activities-to-try-based-on-your-zodiac-sign,support,,,,,,,,,,,,,,,,,,,,,,,,,,,,,,,,,,,,,,
https://shokz.com/blogs/news/not-today,news,,,,,,,,,,,,,,,,,,,,,,,,,,,,,,,,,,,,,,
https://shokz.com/blogs/news/nutrition-series-how-to-read-a-nutrition-facts-label,news,,,,,,,,,,,,,,,,,,,,,,,,,,,,,,,,,,,,,,
https://shokz.com/blogs/news/olympic-athletes-share-their-favorite-workout-exercises,news,,,,,,,,,,,,,,,,,,,,,,,,,,,,,,,,,,,,,,
https://shokz.com/blogs/news/olympic-swimmer-missy-franklin-named-official-aftershokz-professional-athlete,news,,,,,,,,,,,,,,,,,,,,,,,,,,,,,,,,,,,,,,
https://shokz.com/blogs/news/oneearout,news,,,,,,,,,,,,,,,,,,,,,,,,,,,,,,,,,,,,,,
https://shokz.com/blogs/news/open-back-headphones-vs-closed,open ear,,,,,,,,,,,,,,,,,,,,,,,,,,,,,,,,,,,,,,
https://shokz.com/blogs/news/open-ear-earbuds-for-outdoor-activities,open ear,,,,,,,,,,,,,,,,,,,,,,,,,,,,,,,,,,,,,,
https://shokz.com/blogs/news/open-ear-headphones-enhance-security-and-comfort,"open ear,ear hook",,,,,,,,,,,,,,,,,,,,,,,,,,,,,,,,,,,,,,
https://shokz.com/blogs/news/open-ear-headphones-for-long-haired-runners,"open ear,clip on,ear hook",,,,,,,,,,,,,,,,,,,,,,,,,,,,,,,,,,,,,,
https://shokz.com/blogs/news/open-ear-headphones-for-running,open ear,,,,,,,,,,,,,,,,,,,,,,,,,,,,,,,,,,,,,,
https://shokz.com/blogs/news/open-ear-noise-reduction-headphones,open ear,,,,,,,,,,,,,,,,,,,,,,,,,,,,,,,,,,,,,,
https://shokz.com/blogs/news/open-ear-noise-reduction-headphones-for-sensitive-ears,open ear,,,,,,,,,,,,,,,,,,,,,,,,,,,,,,,,,,,,,,
https://shokz.com/blogs/news/open-ear-noise-reduction-technology,open ear,,,,,,,,,,,,,,,,,,,,,,,,,,,,,,,,,,,,,,
https://shokz.com/blogs/news/open-ear-vs-anc-headphones,open ear,,,,,,,,,,,,,,,,,,,,,,,,,,,,,,,,,,,,,,
https://shokz.com/blogs/news/open-ear-vs-bone-conduction-vs-in-ear-headphones,"bone conduction,open ear",,,,,,,,,,,,,,,,,,,,,,,,,,,,,,,,,,,,,,
https://shokz.com/blogs/news/open-ear-vs-in-ear-vs-over-ear-headphones,open ear,,,,,,,,,,,,,,,,,,,,,,,,,,,,,,,,,,,,,,
https://shokz.com/blogs/news/open-to-more-shokz-unveils-opendots-2-and-opendots-air,"open ear,clip on,news",,,,,,,,,,,,,,,,,,,,,,,,,,,,,,,,,,,,,,
https://shokz.com/blogs/news/opendots-2-launch-event-recap,"open ear,clip on,news",,,,,,,,,,,,,,,,,,,,,,,,,,,,,,,,,,,,,,
https://shokz.com/blogs/news/opendots-2-using-guides,"open ear,clip on,support",,,,,,,,,,,,,,,,,,,,,,,,,,,,,,,,,,,,,,
https://shokz.com/blogs/news/opendots-air-using-guides,"open ear,clip on,support",,,,,,,,,,,,,,,,,,,,,,,,,,,,,,,,,,,,,,
https://shokz.com/blogs/news/opendots-one-ces-innovation-awards,"open ear,clip on,news",,,,,,,,,,,,,,,,,,,,,,,,,,,,,,,,,,,,,,
https://shokz.com/blogs/news/openfit-air-and-openswim-pro,"bone conduction,open ear,ear hook",,,,,,,,,,,,,,,,,,,,,,,,,,,,,,,,,,,,,,
https://shokz.com/blogs/news/openfit-air-introduction,"open ear,ear hook,news",,,,,,,,,,,,,,,,,,,,,,,,,,,,,,,,,,,,,,
https://shokz.com/blogs/news/openfit-pro-vs-other-openfit-series,"open ear,ear hook,buying",,,,,,,,,,,,,,,,,,,,,,,,,,,,,,,,,,,,,,
https://shokz.com/blogs/news/openmove-vs-aeropex-find-the-right-headphones-for-you,buying,,,,,,,,,,,,,,,,,,,,,,,,,,,,,,,,,,,,,,
https://shokz.com/blogs/news/openmove-vs-air-find-the-best-headphones-for-you,buying,,,,,,,,,,,,,,,,,,,,,,,,,,,,,,,,,,,,,,
https://shokz.com/blogs/news/openrun-troubleshooting,"bone conduction,open ear,support",,,,,,,,,,,,,,,,,,,,,,,,,,,,,,,,,,,,,,
https://shokz.com/blogs/news/openrun-vs-openrun-pro-vs-openrun-pro-2,"bone conduction,buying",,,,,,,,,,,,,,,,,,,,,,,,,,,,,,,,,,,,,,
https://shokz.com/blogs/news/optimize-open-ear-earbuds-for-gym-noise,open ear,,,,,,,,,,,,,,,,,,,,,,,,,,,,,,,,,,,,,,
https://shokz.com/blogs/news/over-ear-vs-on-ear-headphones,open ear,,,,,,,,,,,,,,,,,,,,,,,,,,,,,,,,,,,,,,
https://shokz.com/blogs/news/physical-buttons-vs-touch-controls,open ear,,,,,,,,,,,,,,,,,,,,,,,,,,,,,,,,,,,,,,
https://shokz.com/blogs/news/popular-mothers-day-gifts,buying,,,,,,,,,,,,,,,,,,,,,,,,,,,,,,,,,,,,,,
https://shokz.com/blogs/news/power-walker-meaning,"clip on,ear hook,support",,,,,,,,,,,,,,,,,,,,,,,,,,,,,,,,,,,,,,
https://shokz.com/blogs/news/press-play-on-our-soundz-like-summer-playlist,news,,,,,,,,,,,,,,,,,,,,,,,,,,,,,,,,,,,,,,
https://shokz.com/blogs/news/professional-triathlete-katie-z-shares-her-top-cycling-tips-for-beginners,news,,,,,,,,,,,,,,,,,,,,,,,,,,,,,,,,,,,,,,
https://shokz.com/blogs/news/pros-cons-of-downloading-and-streaming-music-with-your-aftershokz,"open ear,support",,,,,,,,,,,,,,,,,,,,,,,,,,,,,,,,,,,,,,
https://shokz.com/blogs/news/purchase-with-purpose-breast-cancer-awareness,news,,,,,,,,,,,,,,,,,,,,,,,,,,,,,,,,,,,,,,
https://shokz.com/blogs/news/q-a-black-shokz-athletes-reflect-during-black-history-month,news,,,,,,,,,,,,,,,,,,,,,,,,,,,,,,,,,,,,,,
https://shokz.com/blogs/news/q-a-in-conversation-with-olympic-swimmer-lia-neal,news,,,,,,,,,,,,,,,,,,,,,,,,,,,,,,,,,,,,,,
https://shokz.com/blogs/news/q-a-with-ali-feller-of-ali-on-the-run-podcast,news,,,,,,,,,,,,,,,,,,,,,,,,,,,,,,,,,,,,,,
https://shokz.com/blogs/news/q-a-with-elite-paralympian-lacey-henderson,news,,,,,,,,,,,,,,,,,,,,,,,,,,,,,,,,,,,,,,
https://shokz.com/blogs/news/q-a-with-kim-white-kimcankickit,news,,,,,,,,,,,,,,,,,,,,,,,,,,,,,,,,,,,,,,
https://shokz.com/blogs/news/q-a-with-meb,news,,,,,,,,,,,,,,,,,,,,,,,,,,,,,,,,,,,,,,
https://shokz.com/blogs/news/q-a-with-runner-and-podcaster-lindsey-hein,news,,,,,,,,,,,,,,,,,,,,,,,,,,,,,,,,,,,,,,
https://shokz.com/blogs/news/q-a-with-the-bike4alz-crew-about-to-embark-on-a-3600-mile-cycling-quest-to-end-alzheimer-s,news,,,,,,,,,,,,,,,,,,,,,,,,,,,,,,,,,,,,,,
https://shokz.com/blogs/news/q-a-with-timothy-o-donnel,news,,,,,,,,,,,,,,,,,,,,,,,,,,,,,,,,,,,,,,
https://shokz.com/blogs/news/questions-and-answers-with-jan-frodeno,news,,,,,,,,,,,,,,,,,,,,,,,,,,,,,,,,,,,,,,
https://shokz.com/blogs/news/quick-tips-for-improving-running-posture,support,,,,,,,,,,,,,,,,,,,,,,,,,,,,,,,,,,,,,,
https://shokz.com/blogs/news/quiz-discover-which-aftershokz-headphones-to-get-for-anyone-on-your-list,"buying,support",,,,,,,,,,,,,,,,,,,,,,,,,,,,,,,,,,,,,,
https://shokz.com/blogs/news/quiz-discover-your-shokz-spring-color-palette,"buying,support",,,,,,,,,,,,,,,,,,,,,,,,,,,,,,,,,,,,,,
https://shokz.com/blogs/news/quiz-discover-your-shokz-summer-aura-color,"buying,support",,,,,,,,,,,,,,,,,,,,,,,,,,,,,,,,,,,,,,
https://shokz.com/blogs/news/quiz-find-the-best-aftershokz-headphones-for-your-zodiac-element,"buying,support",,,,,,,,,,,,,,,,,,,,,,,,,,,,,,,,,,,,,,
https://shokz.com/blogs/news/quiz-the-best-aftershokz-for-your-summer-aesthetic,"buying,support",,,,,,,,,,,,,,,,,,,,,,,,,,,,,,,,,,,,,,
https://shokz.com/blogs/news/quiz-which-aftershokz-headphones-are-right-for-you,"buying,support",,,,,,,,,,,,,,,,,,,,,,,,,,,,,,,,,,,,,,
https://shokz.com/blogs/news/quiz-which-aftershokz-model-is-the-best-gift-for-everyone-on-your-list,"buying,support",,,,,,,,,,,,,,,,,,,,,,,,,,,,,,,,,,,,,,
https://shokz.com/blogs/news/quiz-which-disney-villain-aftershokz-headphone-are-you,"buying,support",,,,,,,,,,,,,,,,,,,,,,,,,,,,,,,,,,,,,,
https://shokz.com/blogs/news/quiz-which-shokz-headset-is-right-for-you,"buying,support",,,,,,,,,,,,,,,,,,,,,,,,,,,,,,,,,,,,,,
https://shokz.com/blogs/news/reasons-why-women-should-make-routine-doctor-visits,news,,,,,,,,,,,,,,,,,,,,,,,,,,,,,,,,,,,,,,
https://shokz.com/blogs/news/recap-2016-aftershokz-olympics,news,,,,,,,,,,,,,,,,,,,,,,,,,,,,,,,,,,,,,,
https://shokz.com/blogs/news/relaxing-music-for-sleep,"open ear,clip on,support",,,,,,,,,,,,,,,,,,,,,,,,,,,,,,,,,,,,,,
https://shokz.com/blogs/news/road-trip-essentials,"bone conduction,ear hook,support",,,,,,,,,,,,,,,,,,,,,,,,,,,,,,,,,,,,,,
https://shokz.com/blogs/news/roadtrip-the-aftershokz-team-is-coming-to-a-race-expo-near-you,news,,,,,,,,,,,,,,,,,,,,,,,,,,,,,,,,,,,,,,
https://shokz.com/blogs/news/rowynn-s-story-how-bone-conduction-helped-an-11-year-old-hear-for-the-first-time,"bone conduction,news",,,,,,,,,,,,,,,,,,,,,,,,,,,,,,,,,,,,,,
https://shokz.com/blogs/news/run-2020-rundisney-wine-dine-on-us,news,PR文章,,,,,,,,,,,,,,,,,,,,,,,,,,,,,,,,,,,,,
https://shokz.com/blogs/news/run-wild-missoula-honors-late-director-with-virtual-run,news,,,,,,,,,,,,,,,,,,,,,,,,,,,,,,,,,,,,,,
https://shokz.com/blogs/news/runner-mikah-meyer-launches-lgbtq-outdoor-organization,news,,,,,,,,,,,,,,,,,,,,,,,,,,,,,,,,,,,,,,
https://shokz.com/blogs/news/running-headphones-vs-workout-headphones,"bone conduction,clip on,ear hook",,,,,,,,,,,,,,,,,,,,,,,,,,,,,,,,,,,,,,
https://shokz.com/blogs/news/running-in-high-altitude-vs-low-altitude,support,,,,,,,,,,,,,,,,,,,,,,,,,,,,,,,,,,,,,,
https://shokz.com/blogs/news/running-tips-staying-active-tips-for-moms,news,,,,,,,,,,,,,,,,,,,,,,,,,,,,,,,,,,,,,,
https://shokz.com/blogs/news/running-with-family-community-and-purpose-taylor-thompson-s-running-story,news,,,,,,,,,,,,,,,,,,,,,,,,,,,,,,,,,,,,,,
https://shokz.com/blogs/news/sacrifice-sound-quality-for-open-ear-headphones,open ear,,,,,,,,,,,,,,,,,,,,,,,,,,,,,,,,,,,,,,
https://shokz.com/blogs/news/safe-buying-how-to-ensure-you-re-getting-the-real-deal-1,"buying,support",,,,,,,,,,,,,,,,,,,,,,,,,,,,,,,,,,,,,,
https://shokz.com/blogs/news/safety-of-noise-reduction-earbuds,"open ear,ear hook",,,,,,,,,,,,,,,,,,,,,,,,,,,,,,,,,,,,,,
https://shokz.com/blogs/news/see-aftershokz-take-on-daytona-500,news,,,,,,,,,,,,,,,,,,,,,,,,,,,,,,,,,,,,,,
https://shokz.com/blogs/news/september-mixtape-water,news,,,,,,,,,,,,,,,,,,,,,,,,,,,,,,,,,,,,,,
https://shokz.com/blogs/news/shokz-2021-a-year-in-review,news,,,,,,,,,,,,,,,,,,,,,,,,,,,,,,,,,,,,,,
https://shokz.com/blogs/news/shokz-and-hyrox-are-teaming-up,news,,,,,,,,,,,,,,,,,,,,,,,,,,,,,,,,,,,,,,
https://shokz.com/blogs/news/shokz-app-using-guide,"open ear,support",,,,,,,,,,,,,,,,,,,,,,,,,,,,,,,,,,,,,,
https://shokz.com/blogs/news/shokz-at-ces-2025-the-highlights,news,,,,,,,,,,,,,,,,,,,,,,,,,,,,,,,,,,,,,,
https://shokz.com/blogs/news/shokz-at-ces-2026,news,,,,,,,,,,,,,,,,,,,,,,,,,,,,,,,,,,,,,,
https://shokz.com/blogs/news/shokz-connectivity-troubleshooting,"open ear,support",,,,,,,,,,,,,,,,,,,,,,,,,,,,,,,,,,,,,,
https://shokz.com/blogs/news/shokz-eliud-kipchoge,news,,,,,,,,,,,,,,,,,,,,,,,,,,,,,,,,,,,,,,
https://shokz.com/blogs/news/shokz-games-an-interview-with-aliphine-tuliamuk,news,,,,,,,,,,,,,,,,,,,,,,,,,,,,,,,,,,,,,,
https://shokz.com/blogs/news/shokz-games-series-an-interview-with-katie-zaferes,news,,,,,,,,,,,,,,,,,,,,,,,,,,,,,,,,,,,,,,
https://shokz.com/blogs/news/shokz-games-series-an-interview-with-lacey-henderson,news,,,,,,,,,,,,,,,,,,,,,,,,,,,,,,,,,,,,,,
https://shokz.com/blogs/news/shokz-games-series-an-interview-with-missy-franklin,news,,,,,,,,,,,,,,,,,,,,,,,,,,,,,,,,,,,,,,
https://shokz.com/blogs/news/shokz-headphones-prime-day-deals,buying,,,,,,,,,,,,,,,,,,,,,,,,,,,,,,,,,,,,,,
https://shokz.com/blogs/news/shokz-innovate-and-the-debut-of-opensound,news,,,,,,,,,,,,,,,,,,,,,,,,,,,,,,,,,,,,,,
https://shokz.com/blogs/news/shokz-mothers-day-gift-guide,buying,,,,,,,,,,,,,,,,,,,,,,,,,,,,,,,,,,,,,,
https://shokz.com/blogs/news/shokz-open-ear-headphones-legacy,open ear,,,,,,,,,,,,,,,,,,,,,,,,,,,,,,,,,,,,,,
https://shokz.com/blogs/news/shokz-opencomm-headset-s-winning-award-record,news,,,,,,,,,,,,,,,,,,,,,,,,,,,,,,,,,,,,,,
https://shokz.com/blogs/news/shokz-school-3-easy-headphone-pro-tips,"open ear,support",,,,,,,,,,,,,,,,,,,,,,,,,,,,,,,,,,,,,,
https://shokz.com/blogs/news/shokz-school-aftershokz-chargers-101,"open ear,support",,,,,,,,,,,,,,,,,,,,,,,,,,,,,,,,,,,,,,
https://shokz.com/blogs/news/shokz-school-how-bone-conduction-really-works,bone conduction,,,,,,,,,,,,,,,,,,,,,,,,,,,,,,,,,,,,,,
https://shokz.com/blogs/news/shokz-school-why-you-should-choose-open-ear,open ear,,,,,,,,,,,,,,,,,,,,,,,,,,,,,,,,,,,,,,
https://shokz.com/blogs/news/shokz-spring-sale,buying,,,,,,,,,,,,,,,,,,,,,,,,,,,,,,,,,,,,,,
https://shokz.com/blogs/news/shokz-summer-reading-audiobooks-edition,news,,,,,,,,,,,,,,,,,,,,,,,,,,,,,,,,,,,,,,
https://shokz.com/blogs/news/shokz-superboost-technology-open-ear-audio,"open ear,news",,,,,,,,,,,,,,,,,,,,,,,,,,,,,,,,,,,,,,
https://shokz.com/blogs/news/shokz-unveils-openrun-pro-2-at-utmb-2024,"bone conduction,news",,,,,,,,,,,,,,,,,,,,,,,,,,,,,,,,,,,,,,
https://shokz.com/blogs/news/shokz-unveils-openswim-pro-at-ces-2024,"bone conduction,news",,,,,,,,,,,,,,,,,,,,,,,,,,,,,,,,,,,,,,
https://shokz.com/blogs/news/shokz-x-hyrox-openfit-2-open-earbuds,"open ear,news",,,,,,,,,,,,,,,,,,,,,,,,,,,,,,,,,,,,,,
https://shokz.com/blogs/news/shokzhackz,"open ear,support",,,,,,,,,,,,,,,,,,,,,,,,,,,,,,,,,,,,,,
https://shokz.com/blogs/news/shokzsquad-support-how-to-achieve-new-year-resolutions,news,,,,,,,,,,,,,,,,,,,,,,,,,,,,,,,,,,,,,,
https://shokz.com/blogs/news/shokzstar-ashley-runs-a-24-hour-race,news,,,,,,,,,,,,,,,,,,,,,,,,,,,,,,,,,,,,,,
https://shokz.com/blogs/news/shokzstar-clare-completes-rim-to-rim-to-rim-race,news,,,,,,,,,,,,,,,,,,,,,,,,,,,,,,,,,,,,,,
https://shokz.com/blogs/news/shokzstar-ebony-prs-at-mountains-2-beach-marathon,news,,,,,,,,,,,,,,,,,,,,,,,,,,,,,,,,,,,,,,
https://shokz.com/blogs/news/shokzstar-guest-post-running-as-a-mom,news,,,,,,,,,,,,,,,,,,,,,,,,,,,,,,,,,,,,,,
https://shokz.com/blogs/news/shokzstar-lauren-mount-taylor-quadrathlon-new-mexico,news,,,,,,,,,,,,,,,,,,,,,,,,,,,,,,,,,,,,,,
https://shokz.com/blogs/news/shokzstar-lauren-perry-s-mount-taylor-50k-experience,news,,,,,,,,,,,,,,,,,,,,,,,,,,,,,,,,,,,,,,
https://shokz.com/blogs/news/shokzstar-mai-takes-on-the-honolulu-marathon,news,,,,,,,,,,,,,,,,,,,,,,,,,,,,,,,,,,,,,,
https://shokz.com/blogs/news/shokzstar-sandy-joins-50-states-marathon-club,news,,,,,,,,,,,,,,,,,,,,,,,,,,,,,,,,,,,,,,
https://shokz.com/blogs/news/shokzstar-sandy-stiner,news,,,,,,,,,,,,,,,,,,,,,,,,,,,,,,,,,,,,,,
https://shokz.com/blogs/news/shokzstar-steffanie-gives-good-vibez,news,,,,,,,,,,,,,,,,,,,,,,,,,,,,,,,,,,,,,,
https://shokz.com/blogs/news/shokzstar-stories-ironman,news,,,,,,,,,,,,,,,,,,,,,,,,,,,,,,,,,,,,,,
https://shokz.com/blogs/news/shokzstar-takeover-interview-with-melissa-kahn,news,,,,,,,,,,,,,,,,,,,,,,,,,,,,,,,,,,,,,,
https://shokz.com/blogs/news/shokzstars-share-how-why-they-got-into-running,news,,,,,,,,,,,,,,,,,,,,,,,,,,,,,,,,,,,,,,
https://shokz.com/blogs/news/shokzstars-share-their-throwback-youth-running-stories,news,,,,,,,,,,,,,,,,,,,,,,,,,,,,,,,,,,,,,,
https://shokz.com/blogs/news/shokzstars-share-tips-on-how-to-stay-active-from-home,news,,,,,,,,,,,,,,,,,,,,,,,,,,,,,,,,,,,,,,
https://shokz.com/blogs/news/should-you-buy-aftershokz-air,buying,,,,,,,,,,,,,,,,,,,,,,,,,,,,,,,,,,,,,,
https://shokz.com/blogs/news/should-you-run-every-day,"bone conduction,support",,,,,,,,,,,,,,,,,,,,,,,,,,,,,,,,,,,,,,
https://shokz.com/blogs/news/silicone-vs-foam,open ear,,,,,,,,,,,,,,,,,,,,,,,,,,,,,,,,,,,,,,
https://shokz.com/blogs/news/smart-wireless-earbuds-vs-earhook-headphones,"open ear,ear hook",,,,,,,,,,,,,,,,,,,,,,,,,,,,,,,,,,,,,,
https://shokz.com/blogs/news/so-you-signed-up-for-a-triathlon-now-what,news,,,,,,,,,,,,,,,,,,,,,,,,,,,,,,,,,,,,,,
https://shokz.com/blogs/news/soaring-to-new-heights-the-world-of-hike-and-fly-adventures,news,,,,,,,,,,,,,,,,,,,,,,,,,,,,,,,,,,,,,,
https://shokz.com/blogs/news/songs-to-listen-to-on-galentine-s-day-singles-awareness-day,news,,,,,,,,,,,,,,,,,,,,,,,,,,,,,,,,,,,,,,
https://shokz.com/blogs/news/sound-leakage-of-bone-conduction-headphones,bone conduction,,,,,,,,,,,,,,,,,,,,,,,,,,,,,,,,,,,,,,
https://shokz.com/blogs/news/sound-starts-with-shokz,news,,,,,,,,,,,,,,,,,,,,,,,,,,,,,,,,,,,,,,
https://shokz.com/blogs/news/spooky-things-to-listen-to-this-halloween,news,,,,,,,,,,,,,,,,,,,,,,,,,,,,,,,,,,,,,,
https://shokz.com/blogs/news/sports-earbuds-vs-diy-hacks,open ear,,,,,,,,,,,,,,,,,,,,,,,,,,,,,,,,,,,,,,
https://shokz.com/blogs/news/sportz-3-troubleshooting,"open ear,support",,,,,,,,,,,,,,,,,,,,,,,,,,,,,,,,,,,,,,
https://shokz.com/blogs/news/sportz-m3-troubleshooting,"open ear,support",,,,,,,,,,,,,,,,,,,,,,,,,,,,,,,,,,,,,,
https://shokz.com/blogs/news/sportz-titanium-troubleshooting,"open ear,support",,,,,,,,,,,,,,,,,,,,,,,,,,,,,,,,,,,,,,
https://shokz.com/blogs/news/sportz-titanium-w-mic-troubleshooting,"open ear,support",,,,,,,,,,,,,,,,,,,,,,,,,,,,,,,,,,,,,,
https://shokz.com/blogs/news/spring-cleaning-with-your-aftershokz,"open ear,support",,,,,,,,,,,,,,,,,,,,,,,,,,,,,,,,,,,,,,
https://shokz.com/blogs/news/spring-sports,"bone conduction,support",,,,,,,,,,,,,,,,,,,,,,,,,,,,,,,,,,,,,,
https://shokz.com/blogs/news/stationary-bike-exercises-to-lose-weight,"bone conduction,support",,,,,,,,,,,,,,,,,,,,,,,,,,,,,,,,,,,,,,
https://shokz.com/blogs/news/staying-aware-with-pokemon-go,news,,,,,,,,,,,,,,,,,,,,,,,,,,,,,,,,,,,,,,
https://shokz.com/blogs/news/staying-safe-on-campus-with-aftershokz,news,,,,,,,,,,,,,,,,,,,,,,,,,,,,,,,,,,,,,,
https://shokz.com/blogs/news/steps-for-setting-your-new-personal-record,news,,,,,,,,,,,,,,,,,,,,,,,,,,,,,,,,,,,,,,
https://shokz.com/blogs/news/sugarfriend-or-foe,support,,,,,,,,,,,,,,,,,,,,,,,,,,,,,,,,,,,,,,
https://shokz.com/blogs/news/summer-workout-fuel-what-and-how-to-eat-to-perform,news,,,,,,,,,,,,,,,,,,,,,,,,,,,,,,,,,,,,,,
https://shokz.com/blogs/news/surround-sound-vs-stereo,"ear hook,support",,,,,,,,,,,,,,,,,,,,,,,,,,,,,,,,,,,,,,
https://shokz.com/blogs/news/sweat-pink-blog,news,,,,,,,,,,,,,,,,,,,,,,,,,,,,,,,,,,,,,,
https://shokz.com/blogs/news/swimming-breathing-technique,"bone conduction,support",,,,,,,,,,,,,,,,,,,,,,,,,,,,,,,,,,,,,,
https://shokz.com/blogs/news/switch-up-your-fitness-routine-this-winter,support,,,,,,,,,,,,,,,,,,,,,,,,,,,,,,,,,,,,,,
https://shokz.com/blogs/news/take-aeropex-anywhere,support,,,,,,,,,,,,,,,,,,,,,,,,,,,,,,,,,,,,,,
https://shokz.com/blogs/news/talkin-bout-sleep-using-audio-to-get-to-sleep-faster,support,,,,,,,,,,,,,,,,,,,,,,,,,,,,,,,,,,,,,,
https://shokz.com/blogs/news/team-aftershokz-takes-on-the-j-p-morgan-corporate-challenge,news,,,,,,,,,,,,,,,,,,,,,,,,,,,,,,,,,,,,,,
https://shokz.com/blogs/news/team-aftershokzs-marathon-must-haves,news,,,,,,,,,,,,,,,,,,,,,,,,,,,,,,,,,,,,,,
https://shokz.com/blogs/news/thanks-ces-2017,news,,,,,,,,,,,,,,,,,,,,,,,,,,,,,,,,,,,,,,
https://shokz.com/blogs/news/the-5-best-essential-oils-to-use-for-everything,support,,,,,,,,,,,,,,,,,,,,,,,,,,,,,,,,,,,,,,
https://shokz.com/blogs/news/the-best-aftershokz-for-winter-sports,"buying,support",,,,,,,,,,,,,,,,,,,,,,,,,,,,,,,,,,,,,,
https://shokz.com/blogs/news/the-do-s-and-don-ts-of-fasted-cardio,support,,,,,,,,,,,,,,,,,,,,,,,,,,,,,,,,,,,,,,
https://shokz.com/blogs/news/the-history-of-bone-conduction,bone conduction,,,,,,,,,,,,,,,,,,,,,,,,,,,,,,,,,,,,,,
https://shokz.com/blogs/news/the-holiday-mixtape,news,,,,,,,,,,,,,,,,,,,,,,,,,,,,,,,,,,,,,,
https://shokz.com/blogs/news/the-most-comfortable-headphones,"open ear,buying",,,,,,,,,,,,,,,,,,,,,,,,,,,,,,,,,,,,,,
https://shokz.com/blogs/news/the-peek-behind-the-scenes-of-escape-from-alcatraz-triathlon,news,,,,,,,,,,,,,,,,,,,,,,,,,,,,,,,,,,,,,,
https://shokz.com/blogs/news/the-peek-behind-the-scenes-of-the-new-york-city-marathon,news,,,,,,,,,,,,,,,,,,,,,,,,,,,,,,,,,,,,,,
https://shokz.com/blogs/news/the-peek-podcast-behind-the-scenes-of-hood-to-coast,news,,,,,,,,,,,,,,,,,,,,,,,,,,,,,,,,,,,,,,
https://shokz.com/blogs/news/the-sound-quality-of-openrun-pro-2,"buying,support",,,,,,,,,,,,,,,,,,,,,,,,,,,,,,,,,,,,,,
https://shokz.com/blogs/news/the-winner-of-the-2024-pcmag-readers-choice-award-goes-to-shokz,news,,,,,,,,,,,,,,,,,,,,,,,,,,,,,,,,,,,,,,
https://shokz.com/blogs/news/these-3-shokz-pair-perfectly-with-your-runs,"buying,support",,,,,,,,,,,,,,,,,,,,,,,,,,,,,,,,,,,,,,
https://shokz.com/blogs/news/these-are-the-4-best-national-parks-to-camp-at-this-spring,support,,,,,,,,,,,,,,,,,,,,,,,,,,,,,,,,,,,,,,
https://shokz.com/blogs/news/these-are-the-5-best-products-for-workout-recovery,support,,,,,,,,,,,,,,,,,,,,,,,,,,,,,,,,,,,,,,
https://shokz.com/blogs/news/these-are-the-best-shokz-for-dad,buying,,,,,,,,,,,,,,,,,,,,,,,,,,,,,,,,,,,,,,
https://shokz.com/blogs/news/three-things-we-re-listening-to-right-now,support,,,,,,,,,,,,,,,,,,,,,,,,,,,,,,,,,,,,,,
https://shokz.com/blogs/news/tips-for-planning-your-best-race-cation,news,,,,,,,,,,,,,,,,,,,,,,,,,,,,,,,,,,,,,,
https://shokz.com/blogs/news/tips-for-practicing-mindful-eating-and-fitness-this-holiday-season,news,,,,,,,,,,,,,,,,,,,,,,,,,,,,,,,,,,,,,,
https://shokz.com/blogs/news/tips-on-how-to-start-a-running-group,news,,,,,,,,,,,,,,,,,,,,,,,,,,,,,,,,,,,,,,
https://shokz.com/blogs/news/tips-to-achieve-your-fitness-goals,news,,,,,,,,,,,,,,,,,,,,,,,,,,,,,,,,,,,,,,
https://shokz.com/blogs/news/tips-to-tackle-turkey-day,news,,,,,,,,,,,,,,,,,,,,,,,,,,,,,,,,,,,,,,
https://shokz.com/blogs/news/titanium-discontinued-everything-you-need-to-know,news,,,,,,,,,,,,,,,,,,,,,,,,,,,,,,,,,,,,,,
https://shokz.com/blogs/news/titanium-troubleshooting,"open ear,support",,,,,,,,,,,,,,,,,,,,,,,,,,,,,,,,,,,,,,
https://shokz.com/blogs/news/top-5-essentials-for-running-with-your-dog,support,,,,,,,,,,,,,,,,,,,,,,,,,,,,,,,,,,,,,,
https://shokz.com/blogs/news/top-5-gym-bag-essentials-for-spring,support,,,,,,,,,,,,,,,,,,,,,,,,,,,,,,,,,,,,,,
https://shokz.com/blogs/news/top-disney-tracks-for-shokz-rundisney-2024,news,,,,,,,,,,,,,,,,,,,,,,,,,,,,,,,,,,,,,,
https://shokz.com/blogs/news/top-five-asmr-channels-for-chilling-out,support,,,,,,,,,,,,,,,,,,,,,,,,,,,,,,,,,,,,,,
https://shokz.com/blogs/news/top-nutrition-supplement-myths-debunked,news,,,,,,,,,,,,,,,,,,,,,,,,,,,,,,,,,,,,,,
https://shokz.com/blogs/news/trail-running-101-taking-the-fear-out-of-your-first-trail-run,support,,,,,,,,,,,,,,,,,,,,,,,,,,,,,,,,,,,,,,
https://shokz.com/blogs/news/training-for-a-trail-50k-with-shokzstar-lauren-perry,news,,,,,,,,,,,,,,,,,,,,,,,,,,,,,,,,,,,,,,
https://shokz.com/blogs/news/training-tips-for-a-downhill-marathon,support,,,,,,,,,,,,,,,,,,,,,,,,,,,,,,,,,,,,,,
https://shokz.com/blogs/news/training-tips-for-long-distance-running-newbies,news,,,,,,,,,,,,,,,,,,,,,,,,,,,,,,,,,,,,,,
https://shokz.com/blogs/news/training-tips-for-your-virtual-race,support,,,,,,,,,,,,,,,,,,,,,,,,,,,,,,,,,,,,,,
https://shokz.com/blogs/news/traveling-with-aftershokz,"open ear,support",,,,,,,,,,,,,,,,,,,,,,,,,,,,,,,,,,,,,,
https://shokz.com/blogs/news/travelling-must-have,"bone conduction,clip on",,,,,,,,,,,,,,,,,,,,,,,,,,,,,,,,,,,,,,
https://shokz.com/blogs/news/triathlete-tim-o-donnell-s-tips-for-ironman-racing-and-training-nutrition,news,,,,,,,,,,,,,,,,,,,,,,,,,,,,,,,,,,,,,,
https://shokz.com/blogs/news/triathlon-gear-guide,"bone conduction,support",,,,,,,,,,,,,,,,,,,,,,,,,,,,,,,,,,,,,,
https://shokz.com/blogs/news/triathlon-recovery-three-point-approach,news,,,,,,,,,,,,,,,,,,,,,,,,,,,,,,,,,,,,,,
https://shokz.com/blogs/news/triathlon-training-guide-inside-dan-cox-gear-bag,news,,,,,,,,,,,,,,,,,,,,,,,,,,,,,,,,,,,,,,
https://shokz.com/blogs/news/try-these-snacks-to-improve-your-ear-health,support,,,,,,,,,,,,,,,,,,,,,,,,,,,,,,,,,,,,,,
https://shokz.com/blogs/news/tws-earbuds-vs-neckband,open ear,,,,,,,,,,,,,,,,,,,,,,,,,,,,,,,,,,,,,,
https://shokz.com/blogs/news/tws-vs-neckband-for-running,open ear,,,,,,,,,,,,,,,,,,,,,,,,,,,,,,,,,,,,,,
https://shokz.com/blogs/news/unique-valentine-s-day-gifts-for-her,buying,,,,,,,,,,,,,,,,,,,,,,,,,,,,,,,,,,,,,,
https://shokz.com/blogs/news/urban-vs-suburban-living,"bone conduction,support",,,,,,,,,,,,,,,,,,,,,,,,,,,,,,,,,,,,,,
https://shokz.com/blogs/news/use-bluetooth-headphones-on-a-plane,support,,,,,,,,,,,,,,,,,,,,,,,,,,,,,,,,,,,,,,
https://shokz.com/blogs/news/want-to-join-a-run-crew-here-s-how-you-can-get-started,support,,,,,,,,,,,,,,,,,,,,,,,,,,,,,,,,,,,,,,
https://shokz.com/blogs/news/watch-these-videos-to-get-started-with-your-shokz,"open ear,support",,,,,,,,,,,,,,,,,,,,,,,,,,,,,,,,,,,,,,
https://shokz.com/blogs/news/water-friendly-workouts,support,,,,,,,,,,,,,,,,,,,,,,,,,,,,,,,,,,,,,,
https://shokz.com/blogs/news/waterproof-headphones-for-swimming,"bone conduction,open ear",,,,,,,,,,,,,,,,,,,,,,,,,,,,,,,,,,,,,,
https://shokz.com/blogs/news/ways-to-support-the-black-running-community,news,,,,,,,,,,,,,,,,,,,,,,,,,,,,,,,,,,,,,,
https://shokz.com/blogs/news/ways-you-can-stay-hydrated,support,,,,,,,,,,,,,,,,,,,,,,,,,,,,,,,,,,,,,,
https://shokz.com/blogs/news/what-are-audiophile-headphones,"open ear,clip on,support",,,,,,,,,,,,,,,,,,,,,,,,,,,,,,,,,,,,,,
https://shokz.com/blogs/news/what-are-ip-ratings,open ear,,,,,,,,,,,,,,,,,,,,,,,,,,,,,,,,,,,,,,
https://shokz.com/blogs/news/what-are-the-best-bone-conduction-headphones,bone conduction,,,,,,,,,,,,,,,,,,,,,,,,,,,,,,,,,,,,,,
https://shokz.com/blogs/news/what-dan-cox-thinks-of-trekz-air,news,,,,,,,,,,,,,,,,,,,,,,,,,,,,,,,,,,,,,,
https://shokz.com/blogs/news/what-does-ip-55-certified-really-mean,"open ear,support",,,,,,,,,,,,,,,,,,,,,,,,,,,,,,,,,,,,,,
https://shokz.com/blogs/news/what-does-resetting-your-aftershokz-headphones-actually-do,"open ear,support",,,,,,,,,,,,,,,,,,,,,,,,,,,,,,,,,,,,,,
https://shokz.com/blogs/news/what-is-a-safe-decibel-level,open ear,,,,,,,,,,,,,,,,,,,,,,,,,,,,,,,,,,,,,,
https://shokz.com/blogs/news/what-is-anc,"bone conduction,ear hook,support",,,,,,,,,,,,,,,,,,,,,,,,,,,,,,,,,,,,,,
https://shokz.com/blogs/news/what-is-asmr-means,"open ear,clip on,support",,,,,,,,,,,,,,,,,,,,,,,,,,,,,,,,,,,,,,
https://shokz.com/blogs/news/what-is-difference-between-aerobic-and-anaerobic-exercise,"bone conduction,support",,,,,,,,,,,,,,,,,,,,,,,,,,,,,,,,,,,,,,
https://shokz.com/blogs/news/what-is-dolby-atmos,"open ear,ear hook,support",,,,,,,,,,,,,,,,,,,,,,,,,,,,,,,,,,,,,,
https://shokz.com/blogs/news/what-is-eq-in-audio,open ear,,,,,,,,,,,,,,,,,,,,,,,,,,,,,,,,,,,,,,
https://shokz.com/blogs/news/what-is-ldac,"bone conduction,clip on,ear hook",,,,,,,,,,,,,,,,,,,,,,,,,,,,,,,,,,,,,,
https://shokz.com/blogs/news/what-is-noise-reduction,"open ear,ear hook",,,,,,,,,,,,,,,,,,,,,,,,,,,,,,,,,,,,,,
https://shokz.com/blogs/news/what-is-transparency-mode-on-headphones,"bone conduction,clip on,support",,,,,,,,,,,,,,,,,,,,,,,,,,,,,,,,,,,,,,
https://shokz.com/blogs/news/what-it-feels-like-to-wear-aftershokz,news,,,,,,,,,,,,,,,,,,,,,,,,,,,,,,,,,,,,,,
https://shokz.com/blogs/news/what-makes-these-shokz-the-best-in-class,buying,,,,,,,,,,,,,,,,,,,,,,,,,,,,,,,,,,,,,,
https://shokz.com/blogs/news/what-s-in-kim-fassettas-hard-case,news,,,,,,,,,,,,,,,,,,,,,,,,,,,,,,,,,,,,,,
https://shokz.com/blogs/news/what-should-my-heart-rate-be-while-running,"bone conduction,support",,,,,,,,,,,,,,,,,,,,,,,,,,,,,,,,,,,,,,
https://shokz.com/blogs/news/what-tech-reviewers-are-saying-about-the-openrun-pro-mini,news,,,,,,,,,,,,,,,,,,,,,,,,,,,,,,,,,,,,,,
https://shokz.com/blogs/news/what-the-ip67-rating-really-mean-on-aeropex-headphones,"open ear,support",,,,,,,,,,,,,,,,,,,,,,,,,,,,,,,,,,,,,,
https://shokz.com/blogs/news/what-to-do-when-the-runner-s-high-is-over-part-1,news,,,,,,,,,,,,,,,,,,,,,,,,,,,,,,,,,,,,,,
https://shokz.com/blogs/news/what-to-do-when-the-runners-high-is-over-part-2,news,,,,,,,,,,,,,,,,,,,,,,,,,,,,,,,,,,,,,,
https://shokz.com/blogs/news/what-to-get-dad-this-fathers-day,buying,,,,,,,,,,,,,,,,,,,,,,,,,,,,,,,,,,,,,,
https://shokz.com/blogs/news/what-we-re-listening-to-audiobooks-edition,"open ear,support",,,,,,,,,,,,,,,,,,,,,,,,,,,,,,,,,,,,,,
https://shokz.com/blogs/news/what-were-listening-to-now-podcast-edition,"open ear,support",,,,,,,,,,,,,,,,,,,,,,,,,,,,,,,,,,,,,,
https://shokz.com/blogs/news/when-is-the-best-time-to-run,"bone conduction,support",,,,,,,,,,,,,,,,,,,,,,,,,,,,,,,,,,,,,,
https://shokz.com/blogs/news/when-to-play-music-in-workplace,"open ear,support",,,,,,,,,,,,,,,,,,,,,,,,,,,,,,,,,,,,,,
https://shokz.com/blogs/news/when-to-use-your-aftershokz-earplugs,"open ear,support",,,,,,,,,,,,,,,,,,,,,,,,,,,,,,,,,,,,,,
https://shokz.com/blogs/news/where-to-find-an-aftershokz-user-guide,"open ear,support",,,,,,,,,,,,,,,,,,,,,,,,,,,,,,,,,,,,,,
https://shokz.com/blogs/news/where-to-spot-aftershokz-in-q1,"open ear,support",,,,,,,,,,,,,,,,,,,,,,,,,,,,,,,,,,,,,,
https://shokz.com/blogs/news/which-openmove-color-is-right-for-you,buying,,,,,,,,,,,,,,,,,,,,,,,,,,,,,,,,,,,,,,
https://shokz.com/blogs/news/why-arent-my-headphones-working,support,,,,,,,,,,,,,,,,,,,,,,,,,,,,,,,,,,,,,,
https://shokz.com/blogs/news/why-can-i-hear-myself-in-my-headset,support,,,,,,,,,,,,,,,,,,,,,,,,,,,,,,,,,,,,,,
https://shokz.com/blogs/news/why-choose-shokz-s-open-ear-headphones,"open ear,support",,,,,,,,,,,,,,,,,,,,,,,,,,,,,,,,,,,,,,
https://shokz.com/blogs/news/why-do-headphones-hurt-my-ears,support,,,,,,,,,,,,,,,,,,,,,,,,,,,,,,,,,,,,,,
https://shokz.com/blogs/news/why-do-in-ear-earbuds-make-ears-itch,"open ear,support",,,,,,,,,,,,,,,,,,,,,,,,,,,,,,,,,,,,,,
https://shokz.com/blogs/news/why-do-my-bluetooth-headphones-keep-cutting-out,support,,,,,,,,,,,,,,,,,,,,,,,,,,,,,,,,,,,,,,
https://shokz.com/blogs/news/why-do-titanium-come-with-earplugs,support,,,,,,,,,,,,,,,,,,,,,,,,,,,,,,,,,,,,,,
https://shokz.com/blogs/news/why-does-my-audio-sound-muffled,support,,,,,,,,,,,,,,,,,,,,,,,,,,,,,,,,,,,,,,
https://shokz.com/blogs/news/why-does-swimming-make-you-so-tired,"bone conduction,support",,,,,,,,,,,,,,,,,,,,,,,,,,,,,,,,,,,,,,
https://shokz.com/blogs/news/why-i-connect-with-aftershokz-opencomm,"bone conduction,open ear,support",,,,,,,,,,,,,,,,,,,,,,,,,,,,,,,,,,,,,,
https://shokz.com/blogs/news/why-i-run-with-my-aftershokz,"bone conduction,open ear,support",,,,,,,,,,,,,,,,,,,,,,,,,,,,,,,,,,,,,,
https://shokz.com/blogs/news/why-is-one-earbud-louder-than-the-other,support,,,,,,,,,,,,,,,,,,,,,,,,,,,,,,,,,,,,,,
https://shokz.com/blogs/news/why-running-groups-choose-aftershokz-headphones,buying,,,,,,,,,,,,,,,,,,,,,,,,,,,,,,,,,,,,,,
https://shokz.com/blogs/news/why-swimming-headphones-need-storage,support,,,,,,,,,,,,,,,,,,,,,,,,,,,,,,,,,,,,,,
https://shokz.com/blogs/news/why-training-with-a-friend-crew-matters,support,,,,,,,,,,,,,,,,,,,,,,,,,,,,,,,,,,,,,,
https://shokz.com/blogs/news/why-we-celebrate-juneteenth-and-ways-to-become-involved,news,,,,,,,,,,,,,,,,,,,,,,,,,,,,,,,,,,,,,,
https://shokz.com/blogs/news/why-you-feel-bloated-after-exercise,support,,,,,,,,,,,,,,,,,,,,,,,,,,,,,,,,,,,,,,
https://shokz.com/blogs/news/why-you-should-work-out-with-a-friend,support,,,,,,,,,,,,,,,,,,,,,,,,,,,,,,,,,,,,,,
https://shokz.com/blogs/news/wind-noise-reduction,"open ear,ear hook",,,,,,,,,,,,,,,,,,,,,,,,,,,,,,,,,,,,,,
https://shokz.com/blogs/news/wireless-bone-conduction-headphones-for-marathon-runners,bone conduction,,,,,,,,,,,,,,,,,,,,,,,,,,,,,,,,,,,,,,
https://shokz.com/blogs/news/wireless-vs-bluetooth-which-is-better,"open ear,clip on,ear hook",,,,,,,,,,,,,,,,,,,,,,,,,,,,,,,,,,,,,,
https://shokz.com/blogs/news/wireless-vs-wired-headphones-for-running,"open ear,ear hook,support",待定,,,,,,,,,,,,,,,,,,,,,,,,,,,,,,,,,,,,,
https://shokz.com/blogs/news/women-owned-running-brands-to-shop-support-anytime,news,,,,,,,,,,,,,,,,,,,,,,,,,,,,,,,,,,,,,,
https://shokz.com/blogs/news/work-from-home-must-haves,"open ear,buying",,,,,,,,,,,,,,,,,,,,,,,,,,,,,,,,,,,,,,
https://shokz.com/blogs/news/workout-headphones-for-safety,open ear,,,,,,,,,,,,,,,,,,,,,,,,,,,,,,,,,,,,,,
https://shokz.com/blogs/news/you-didn-t-hear-it-from-us-a-few-of-aftershokz-s-biggest-fans,news,,,,,,,,,,,,,,,,,,,,,,,,,,,,,,,,,,,,,,
https://shokz.com/blogs/press/aeropex-review,news,PR文章,,,,,,,,,,,,,,,,,,,,,,,,,,,,,,,,,,,,,
https://shokz.com/blogs/press/aftershokz-air-review,news,PR文章,,,,,,,,,,,,,,,,,,,,,,,,,,,,,,,,,,,,,
https://shokz.com/blogs/press/the-best-bone-conduction-headphones-yet,news,PR文章,,,,,,,,,,,,,,,,,,,,,,,,,,,,,,,,,,,,,
https://shokz.com/blogs/press/these-wireless-headphones-are-great-for-running,news,PR文章,,,,,,,,,,,,,,,,,,,,,,,,,,,,,,,,,,,,,
https://shokz.com/blogs/stories-1/aftershokz-partners-with-not-today-for-national-safety-month,news,,,,,,,,,,,,,,,,,,,,,,,,,,,,,,,,,,,,,,
https://shokz.com/blogs/stories-1/bill-kimball-tries-aftershokz-during-nascar-race,news,,,,,,,,,,,,,,,,,,,,,,,,,,,,,,,,,,,,,,
https://shokz.com/blogs/stories-1/how-skier-and-shokzstar-megan-conquers-the-slopes-with-aftershokzhow-skier-and-shokzstar-megan-conquers-the-slopes-with-aftershokz,news,,,,,,,,,,,,,,,,,,,,,,,,,,,,,,,,,,,,,,
https://shokz.com/blogs/stories-1/how-to-cope-with-running-injury,news,,,,,,,,,,,,,,,,,,,,,,,,,,,,,,,,,,,,,,
https://shokz.com/blogs/stories-1/interview-with-nascar-driver-chase-elliott,news,,,,,,,,,,,,,,,,,,,,,,,,,,,,,,,,,,,,,,
https://shokz.com/blogs/stories-1/interview-with-professional-ultrarunner-ian-sharman,news,,,,,,,,,,,,,,,,,,,,,,,,,,,,,,,,,,,,,,
https://shokz.com/blogs/stories-1/interview-with-world-record-holder-and-elite-runner-calum-neff,news,,,,,,,,,,,,,,,,,,,,,,,,,,,,,,,,,,,,,,
https://shokz.com/blogs/stories-1/join-team-aftershokz-kim-in-hawaii-for-her-first-marathon,news,,,,,,,,,,,,,,,,,,,,,,,,,,,,,,,,,,,,,,
https://shokz.com/blogs/stories-1/meet-aftershokz-ambassador-darrell-bubba-wallace-jr,news,,,,,,,,,,,,,,,,,,,,,,,,,,,,,,,,,,,,,,
https://shokz.com/blogs/stories-1/q-a-with-elite-paralympian-lacey-henderson,news,,,,,,,,,,,,,,,,,,,,,,,,,,,,,,,,,,,,,,
https://shokz.com/blogs/stories-1/q-a-with-runner-and-podcaster-lindsey-hein,news,,,,,,,,,,,,,,,,,,,,,,,,,,,,,,,,,,,,,,
https://shokz.com/blogs/stories-1/rowynn-s-story-how-bone-conduction-helped-an-11-year-old-hear-for-the-first-time,news,,,,,,,,,,,,,,,,,,,,,,,,,,,,,,,,,,,,,,
https://shokz.com/blogs/stories-1/shokzstar-lauren-perry-s-mount-taylor-50k-experience,news,,,,,,,,,,,,,,,,,,,,,,,,,,,,,,,,,,,,,,
https://shokz.com/blogs/stories-1/shokzstar-sandy-stiner,news,,,,,,,,,,,,,,,,,,,,,,,,,,,,,,,,,,,,,,
https://shokz.com/blogs/stories-1/the-ladies-of-sweat-pink-ladies-share-why-theyre-awarewithpink,news,,,,,,,,,,,,,,,,,,,,,,,,,,,,,,,,,,,,,,
https://shokz.com/blogs/support/air-accessibility,"open ear,support",,,,,,,,,,,,,,,,,,,,,,,,,,,,,,,,,,,,,,
https://shokz.com/blogs/support/air-clean-care,"open ear,support",,,,,,,,,,,,,,,,,,,,,,,,,,,,,,,,,,,,,,
https://shokz.com/blogs/support/air-commands,"open ear,support",,,,,,,,,,,,,,,,,,,,,,,,,,,,,,,,,,,,,,
https://shokz.com/blogs/support/air-features,"open ear,support",,,,,,,,,,,,,,,,,,,,,,,,,,,,,,,,,,,,,,
https://shokz.com/blogs/support/air-how-they-work,"open ear,support",,,,,,,,,,,,,,,,,,,,,,,,,,,,,,,,,,,,,,
https://shokz.com/blogs/support/blue-2s-clean-care,"open ear,support",,,,,,,,,,,,,,,,,,,,,,,,,,,,,,,,,,,,,,
https://shokz.com/blogs/support/blue-2s-commands,"open ear,support",,,,,,,,,,,,,,,,,,,,,,,,,,,,,,,,,,,,,,
https://shokz.com/blogs/support/bluez-2s-accessibility,"open ear,support",,,,,,,,,,,,,,,,,,,,,,,,,,,,,,,,,,,,,,
https://shokz.com/blogs/support/bluez-2s-features,"open ear,support",,,,,,,,,,,,,,,,,,,,,,,,,,,,,,,,,,,,,,
https://shokz.com/blogs/support/bluez-2s-how-they-work,"open ear,support",,,,,,,,,,,,,,,,,,,,,,,,,,,,,,,,,,,,,,
https://shokz.com/blogs/support/bluez-2s-pairing,"open ear,support",,,,,,,,,,,,,,,,,,,,,,,,,,,,,,,,,,,,,,
https://shokz.com/blogs/support/get-started,"open ear,support",,,,,,,,,,,,,,,,,,,,,,,,,,,,,,,,,,,,,,
https://shokz.com/blogs/support/openrun-accessibility,"bone conduction,open ear,support",,,,,,,,,,,,,,,,,,,,,,,,,,,,,,,,,,,,,,
https://shokz.com/blogs/support/openrun-clean-care,"bone conduction,open ear,support",,,,,,,,,,,,,,,,,,,,,,,,,,,,,,,,,,,,,,
https://shokz.com/blogs/support/openrun-commands,"bone conduction,open ear,support",,,,,,,,,,,,,,,,,,,,,,,,,,,,,,,,,,,,,,
https://shokz.com/blogs/support/openrun-features,"bone conduction,open ear,support",,,,,,,,,,,,,,,,,,,,,,,,,,,,,,,,,,,,,,
https://shokz.com/blogs/support/openrun-getting-started,"bone conduction,open ear,support",,,,,,,,,,,,,,,,,,,,,,,,,,,,,,,,,,,,,,
https://shokz.com/blogs/support/openrun-how-they-work,"bone conduction,open ear,support",,,,,,,,,,,,,,,,,,,,,,,,,,,,,,,,,,,,,,
https://shokz.com/blogs/support/openswim-accessibility,"bone conduction,open ear,support",,,,,,,,,,,,,,,,,,,,,,,,,,,,,,,,,,,,,,
https://shokz.com/blogs/support/openswim-clean-care,"bone conduction,open ear,support",,,,,,,,,,,,,,,,,,,,,,,,,,,,,,,,,,,,,,
https://shokz.com/blogs/support/openswim-commands,"bone conduction,open ear,support",,,,,,,,,,,,,,,,,,,,,,,,,,,,,,,,,,,,,,
https://shokz.com/blogs/support/openswim-features,"bone conduction,open ear,support",,,,,,,,,,,,,,,,,,,,,,,,,,,,,,,,,,,,,,
https://shokz.com/blogs/support/openswim-how-they-work,"bone conduction,open ear,support",,,,,,,,,,,,,,,,,,,,,,,,,,,,,,,,,,,,,,
https://shokz.com/blogs/support/sportz-3-accessibility,"open ear,support",,,,,,,,,,,,,,,,,,,,,,,,,,,,,,,,,,,,,,
https://shokz.com/blogs/support/sportz-3-clean-care,"open ear,support",,,,,,,,,,,,,,,,,,,,,,,,,,,,,,,,,,,,,,
https://shokz.com/blogs/support/sportz-3-features,"open ear,support",,,,,,,,,,,,,,,,,,,,,,,,,,,,,,,,,,,,,,
https://shokz.com/blogs/support/sportz-3-how-they-work,"open ear,support",,,,,,,,,,,,,,,,,,,,,,,,,,,,,,,,,,,,,,
https://shokz.com/blogs/support/sportz-m3-accessibility,"open ear,support",,,,,,,,,,,,,,,,,,,,,,,,,,,,,,,,,,,,,,
https://shokz.com/blogs/support/sportz-m3-clean-care,"open ear,support",,,,,,,,,,,,,,,,,,,,,,,,,,,,,,,,,,,,,,
https://shokz.com/blogs/support/sportz-m3-features,"open ear,support",,,,,,,,,,,,,,,,,,,,,,,,,,,,,,,,,,,,,,
https://shokz.com/blogs/support/sportz-m3-how-they-work,"open ear,support",,,,,,,,,,,,,,,,,,,,,,,,,,,,,,,,,,,,,,
https://shokz.com/blogs/support/sportz-titanium-accessibility,"open ear,support",,,,,,,,,,,,,,,,,,,,,,,,,,,,,,,,,,,,,,
https://shokz.com/blogs/support/sportz-titanium-clean-care,"open ear,support",,,,,,,,,,,,,,,,,,,,,,,,,,,,,,,,,,,,,,
https://shokz.com/blogs/support/sportz-titanium-features,"open ear,support",,,,,,,,,,,,,,,,,,,,,,,,,,,,,,,,,,,,,,
https://shokz.com/blogs/support/sportz-titanium-how-they-work,"open ear,support",,,,,,,,,,,,,,,,,,,,,,,,,,,,,,,,,,,,,,
https://shokz.com/blogs/support/sportz-titanium-with-mic-accessibility,"open ear,support",,,,,,,,,,,,,,,,,,,,,,,,,,,,,,,,,,,,,,
https://shokz.com/blogs/support/sportz-titanium-with-mic-clean-care,"open ear,support",,,,,,,,,,,,,,,,,,,,,,,,,,,,,,,,,,,,,,
https://shokz.com/blogs/support/sportz-titanium-with-mic-features,"open ear,support",,,,,,,,,,,,,,,,,,,,,,,,,,,,,,,,,,,,,,
https://shokz.com/blogs/support/sportz-titanium-with-mic-how-they-work,"open ear,support",,,,,,,,,,,,,,,,,,,,,,,,,,,,,,,,,,,,,,
https://shokz.com/blogs/support/titanium-accessibility,"open ear,support",,,,,,,,,,,,,,,,,,,,,,,,,,,,,,,,,,,,,,
https://shokz.com/blogs/support/titanium-clean-care,"open ear,support",,,,,,,,,,,,,,,,,,,,,,,,,,,,,,,,,,,,,,
https://shokz.com/blogs/support/titanium-commands,"open ear,support",,,,,,,,,,,,,,,,,,,,,,,,,,,,,,,,,,,,,,
https://shokz.com/blogs/support/titanium-features,"open ear,support",,,,,,,,,,,,,,,,,,,,,,,,,,,,,,,,,,,,,,
https://shokz.com/blogs/support/titanium-how-they-work,"open ear,support",,,,,,,,,,,,,,,,,,,,,,,,,,,,,,,,,,,,,,
https://shokz.com/blogs/support/titanium-pairing,"open ear,support",,,,,,,,,,,,,,,,,,,,,,,,,,,,,,,,,,,,,,